id,word_id,reviewed_at,prompt_type,correct,in_session_retry,practice
33,6c6777c5-0692-444b-a364-ac58f17192a0,2026-09-11T06:21:55Z,learn,true,false,false
34,01249a72-6208-4ad4-8085-dfc7be789882,2026-09-11T06:21:55Z,learn,true,false,false
35,31a34ed8-0b39-4881-9385-13e41e66b10c,2026-09-11T06:21:55Z,learn,true,false,false
36,fc5d9cd5-5672-4561-b8b4-776d404a1d94,2026-09-11T06:21:55Z,learn,true,false,false
37,51340b87-1742-4521-9bc1-827b9a8bc6b1,2026-09-11T06:21:55Z,learn,true,false,false
38,6c6777c5-0692-444b-a364-ac58f17192a0,2026-09-11T06:22:08Z,s2r,true,false,false
39,01249a72-6208-4ad4-8085-dfc7be789882,2026-09-11T06:22:08Z,s2r,true,false,false
40,31a34ed8-0b39-4881-9385-13e41e66b10c,2026-09-11T06:22:08Z,s2r,true,false,false
41,fc5d9cd5-5672-4561-b8b4-776d404a1d94,2026-09-11T06:22:08Z,s2r,true,false,false
42,51340b87-1742-4521-9bc1-827b9a8bc6b1,2026-09-11T06:22:08Z,s2r,true,false,false
43,164a8f26-7214-4187-9136-c071e3aec858,2026-09-11T06:22:16Z,learn,true,false,false
44,c6d71459-0bcc-4cc8-b809-9871c30c1895,2026-09-11T06:22:16Z,learn,true,false,false
45,8c041ca5-79ad-4d6a-b1d1-f683bfd37ad3,2026-09-11T06:22:16Z,learn,true,false,false
46,6e9aabaa-5091-4e58-b439-937788898e73,2026-09-11T06:22:16Z,learn,true,false,false
47,b0d7fee1-5895-472b-93b1-e4a978fedc2b,2026-09-11T06:22:16Z,learn,true,false,false
48,164a8f26-7214-4187-9136-c071e3aec858,2026-09-11T06:22:30Z,s2r,true,false,false
49,c6d71459-0bcc-4cc8-b809-9871c30c1895,2026-09-11T06:22:30Z,s2r,false,false,false
50,8c041ca5-79ad-4d6a-b1d1-f683bfd37ad3,2026-09-11T06:22:30Z,s2m,true,false,false
51,6e9aabaa-5091-4e58-b439-937788898e73,2026-09-11T06:22:30Z,s2r,true,false,false
52,b0d7fee1-5895-472b-93b1-e4a978fedc2b,2026-09-11T06:22:30Z,s2r,true,false,false
53,f56ad1d4-60e8-47cf-b876-bb3b27842d02,2026-09-11T06:22:50Z,learn,true,false,false
54,c73994f8-2e6e-4210-bc42-067dae816019,2026-09-11T06:22:50Z,learn,true,false,false
55,c6d71459-0bcc-4cc8-b809-9871c30c1895,2026-09-11T06:22:50Z,s2r,true,true,false
56,cdb5efb2-8f47-4fad-9d9a-e2f0fd9dbafc,2026-09-11T06:22:50Z,learn,true,false,false
57,853da365-46f3-4530-baa0-69a4d57d3d89,2026-09-11T06:22:50Z,learn,true,false,false
58,29ef3554-de71-45f9-89d2-fac8ee9ad6f5,2026-09-11T06:23:02Z,learn,true,false,false
59,f56ad1d4-60e8-47cf-b876-bb3b27842d02,2026-09-11T06:23:02Z,s2r,true,false,false
60,c73994f8-2e6e-4210-bc42-067dae816019,2026-09-11T06:23:02Z,s2r,true,false,false
61,cdb5efb2-8f47-4fad-9d9a-e2f0fd9dbafc,2026-09-11T06:23:02Z,s2r,true,false,false
62,853da365-46f3-4530-baa0-69a4d57d3d89,2026-09-11T06:23:02Z,s2r,true,false,false
63,29ef3554-de71-45f9-89d2-fac8ee9ad6f5,2026-09-11T06:23:13Z,s2r,true,false,false
64,d2003e7c-6e21-4024-9f46-e058ffe7b455,2026-09-11T06:23:13Z,learn,true,false,false
65,14a315fc-a9a6-4dd5-9402-6635576d9065,2026-09-11T06:23:13Z,learn,true,false,false
66,a8acc782-976d-4dbd-a5c0-897e4a34b0c3,2026-09-11T06:23:13Z,learn,true,false,false
67,cb6f6f56-4598-414d-82ba-e4a7fe28cdf0,2026-09-11T06:23:13Z,learn,true,false,false
68,6edabe86-153f-40ec-b2ab-be4a2fded058,2026-09-11T06:23:22Z,learn,true,false,false
69,d2003e7c-6e21-4024-9f46-e058ffe7b455,2026-09-11T06:23:22Z,s2r,true,false,false
70,14a315fc-a9a6-4dd5-9402-6635576d9065,2026-09-11T06:23:22Z,s2r,true,false,false
71,a8acc782-976d-4dbd-a5c0-897e4a34b0c3,2026-09-11T06:23:22Z,s2r,true,false,false
72,cb6f6f56-4598-414d-82ba-e4a7fe28cdf0,2026-09-11T06:23:22Z,s2r,true,false,false
73,6edabe86-153f-40ec-b2ab-be4a2fded058,2026-09-11T06:23:28Z,s2r,true,false,false
74,451e980f-14b2-4d0e-a8cb-204af22f0bc3,2026-09-11T06:23:28Z,learn,true,false,false
75,e265f314-99aa-4c70-b723-28546717f637,2026-09-11T06:23:28Z,learn,true,false,false
76,5f8fc77a-a30d-4bb5-a19c-275867133eac,2026-09-11T06:23:28Z,learn,true,false,false
77,1ba4ad25-8280-4165-9ea1-cc687426feea,2026-09-11T06:23:28Z,learn,true,false,false
78,f2f6cc47-89fa-40e9-a721-3b124439e84d,2026-09-11T06:23:48Z,learn,true,false,false
79,451e980f-14b2-4d0e-a8cb-204af22f0bc3,2026-09-11T06:23:48Z,s2r,true,false,false
80,e265f314-99aa-4c70-b723-28546717f637,2026-09-11T06:23:48Z,s2m,true,false,false
81,5f8fc77a-a30d-4bb5-a19c-275867133eac,2026-09-11T06:23:48Z,s2m,true,false,false
82,1ba4ad25-8280-4165-9ea1-cc687426feea,2026-09-11T06:23:48Z,s2r,true,false,false
83,f2f6cc47-89fa-40e9-a721-3b124439e84d,2026-09-11T06:23:58Z,s2r,true,false,false
84,bbb0aacc-80c1-4175-9a8d-917f7fe90f3e,2026-09-11T06:23:58Z,learn,true,false,false
85,50f7d3d5-c280-4f38-9014-32bc52a283a8,2026-09-11T06:23:58Z,learn,true,false,false
86,52bb021f-4502-4a37-9f32-dcaec883eb33,2026-09-11T06:23:58Z,learn,true,false,false
87,fea7426d-3b07-4c11-9543-348cfda6a5ee,2026-09-11T06:23:58Z,learn,true,false,false
88,ae18cccf-800f-47a6-8ef9-59f533608085,2026-09-11T06:24:18Z,learn,true,false,false
89,bbb0aacc-80c1-4175-9a8d-917f7fe90f3e,2026-09-11T06:24:18Z,s2r,true,false,false
90,50f7d3d5-c280-4f38-9014-32bc52a283a8,2026-09-11T06:24:18Z,s2r,true,false,false
91,52bb021f-4502-4a37-9f32-dcaec883eb33,2026-09-11T06:24:18Z,s2r,true,false,false
92,fea7426d-3b07-4c11-9543-348cfda6a5ee,2026-09-11T06:24:18Z,s2r,true,false,false
93,ae18cccf-800f-47a6-8ef9-59f533608085,2026-09-11T06:24:20Z,s2r,true,false,false
114,01249a72-6208-4ad4-8085-dfc7be789882,2026-09-14T05:49:01Z,r2m,true,false,false
115,31a34ed8-0b39-4881-9385-13e41e66b10c,2026-09-14T05:49:14Z,s2r,true,false,false
116,fc5d9cd5-5672-4561-b8b4-776d404a1d94,2026-09-14T05:49:14Z,s2r,true,false,false
117,51340b87-1742-4521-9bc1-827b9a8bc6b1,2026-09-14T05:49:14Z,s2r,true,false,false
118,164a8f26-7214-4187-9136-c071e3aec858,2026-09-14T05:49:14Z,s2r,true,false,false
119,aeedf882-6fc1-42ed-ac5a-e905239497f0,2026-09-14T05:49:14Z,learn,true,false,false
120,400b9a00-99eb-4a2f-bb90-62beb85f03c6,2026-09-14T05:49:31Z,learn,true,false,false
121,235e4ea8-9e01-45d8-85be-ae2b0e5cd871,2026-09-14T05:49:50Z,learn,true,false,false
122,200ed9bf-0105-481c-85b5-4cf0f8a0728c,2026-09-14T05:49:50Z,learn,true,false,false
123,cd88c1af-4c3b-4fb1-9fbf-e271d19f780d,2026-09-14T05:49:50Z,learn,true,false,false
124,aeedf882-6fc1-42ed-ac5a-e905239497f0,2026-09-14T05:49:50Z,s2m,true,false,false
125,400b9a00-99eb-4a2f-bb90-62beb85f03c6,2026-09-14T05:50:00Z,s2r,false,false,false
126,235e4ea8-9e01-45d8-85be-ae2b0e5cd871,2026-09-14T05:50:10Z,s2r,true,false,false
127,200ed9bf-0105-481c-85b5-4cf0f8a0728c,2026-09-14T05:50:10Z,s2r,true,false,false
128,cd88c1af-4c3b-4fb1-9fbf-e271d19f780d,2026-09-14T05:50:10Z,s2r,true,false,false
129,c6d71459-0bcc-4cc8-b809-9871c30c1895,2026-09-14T05:50:10Z,s2r,true,false,false
130,8c041ca5-79ad-4d6a-b1d1-f683bfd37ad3,2026-09-14T05:50:10Z,s2m,true,false,false
131,400b9a00-99eb-4a2f-bb90-62beb85f03c6,2026-09-14T05:50:23Z,s2r,true,true,false
132,6e9aabaa-5091-4e58-b439-937788898e73,2026-09-14T05:50:23Z,s2m,true,false,false
133,b0d7fee1-5895-472b-93b1-e4a978fedc2b,2026-09-14T05:50:46Z,s2m,false,false,false
134,f56ad1d4-60e8-47cf-b876-bb3b27842d02,2026-09-14T05:50:46Z,s2m,true,false,false
135,b0baccec-8296-4fa7-8266-9d39e71de037,2026-09-14T05:51:31Z,learn,true,false,false
136,faa9598a-d0c1-49fd-b742-fcc6b93330fb,2026-09-14T05:51:31Z,learn,true,false,false
137,c9b674f4-9972-4ec7-91ac-4880894b3ecd,2026-09-14T05:51:31Z,learn,true,false,false
138,dfe1d229-47c0-4fb3-b3fe-33bfd1be06ba,2026-09-14T05:51:31Z,learn,true,false,false
139,b0d7fee1-5895-472b-93b1-e4a978fedc2b,2026-09-14T05:51:31Z,s2m,true,true,false
140,ddccff4b-eac2-4a93-a249-1f216c13f079,2026-09-14T05:51:42Z,learn,true,false,false
141,b0baccec-8296-4fa7-8266-9d39e71de037,2026-09-14T05:51:42Z,s2r,true,false,false
142,faa9598a-d0c1-49fd-b742-fcc6b93330fb,2026-09-14T05:51:42Z,s2r,true,false,false
143,c9b674f4-9972-4ec7-91ac-4880894b3ecd,2026-09-14T05:51:42Z,s2r,true,false,false
144,dfe1d229-47c0-4fb3-b3fe-33bfd1be06ba,2026-09-14T05:51:42Z,s2r,true,false,false
145,ddccff4b-eac2-4a93-a249-1f216c13f079,2026-09-14T05:51:51Z,s2r,true,false,false
146,c73994f8-2e6e-4210-bc42-067dae816019,2026-09-14T05:52:00Z,s2r,true,false,false
147,cdb5efb2-8f47-4fad-9d9a-e2f0fd9dbafc,2026-09-14T05:52:00Z,s2m,true,false,false
148,853da365-46f3-4530-baa0-69a4d57d3d89,2026-09-14T05:52:11Z,s2r,true,false,false
149,29ef3554-de71-45f9-89d2-fac8ee9ad6f5,2026-09-14T05:52:11Z,s2r,true,false,false
150,2df797d5-ea40-4f27-8dee-6eab650047f8,2026-09-14T05:52:11Z,learn,true,false,false
151,4c1684c3-9e32-4b8c-82b4-87a4a9354def,2026-09-14T05:52:11Z,learn,true,false,false
152,9b8f150a-d405-4286-b4f7-ae9c4e0bb970,2026-09-14T05:52:16Z,learn,true,false,false
153,175c17a0-e5a5-4fc7-b5e5-bbfbc4f7e34e,2026-09-14T05:52:29Z,learn,true,false,false
154,c480ef20-529f-4e97-a386-06cd58c2c32d,2026-09-14T05:52:29Z,learn,true,false,false
155,2df797d5-ea40-4f27-8dee-6eab650047f8,2026-09-14T05:52:29Z,s2r,true,false,false
156,4c1684c3-9e32-4b8c-82b4-87a4a9354def,2026-09-14T05:52:29Z,s2m,true,false,false
157,9b8f150a-d405-4286-b4f7-ae9c4e0bb970,2026-09-14T05:52:36Z,s2r,true,false,false
158,175c17a0-e5a5-4fc7-b5e5-bbfbc4f7e34e,2026-09-14T05:52:36Z,s2r,true,false,false
159,c480ef20-529f-4e97-a386-06cd58c2c32d,2026-09-14T05:52:46Z,s2r,true,false,false
160,d2003e7c-6e21-4024-9f46-e058ffe7b455,2026-09-14T05:52:55Z,s2r,true,false,false
161,14a315fc-a9a6-4dd5-9402-6635576d9065,2026-09-14T05:52:55Z,s2m,true,false,false
162,a8acc782-976d-4dbd-a5c0-897e4a34b0c3,2026-09-14T05:53:11Z,s2r,false,false,false
163,cb6f6f56-4598-414d-82ba-e4a7fe28cdf0,2026-09-14T05:53:29Z,s2r,false,false,false
164,badc2cf3-fa24-4eab-bd20-88d76424a872,2026-09-14T05:53:29Z,learn,true,false,false
165,fe42fe57-56c2-4006-98e5-4a5d974cf5fd,2026-09-14T05:53:29Z,learn,true,false,false
166,49dcaefd-7255-4f5e-a7a5-932064bca464,2026-09-14T05:53:29Z,learn,true,false,false
167,3f96236f-c3d2-4ecb-9fb3-bad41035320b,2026-09-14T05:53:43Z,learn,true,false,false
168,a8acc782-976d-4dbd-a5c0-897e4a34b0c3,2026-09-14T05:53:43Z,s2r,true,true,false
169,cb6f6f56-4598-414d-82ba-e4a7fe28cdf0,2026-09-14T05:53:43Z,s2r,true,true,false
170,36d3cba6-8cf6-4cd4-b717-877220589d2a,2026-09-14T05:53:43Z,learn,true,false,false
171,badc2cf3-fa24-4eab-bd20-88d76424a872,2026-09-14T05:53:43Z,s2r,true,false,false
172,fe42fe57-56c2-4006-98e5-4a5d974cf5fd,2026-09-14T05:54:00Z,s2r,true,false,false
173,49dcaefd-7255-4f5e-a7a5-932064bca464,2026-09-14T05:54:00Z,s2r,true,false,false
174,3f96236f-c3d2-4ecb-9fb3-bad41035320b,2026-09-14T05:54:18Z,s2r,true,false,false
175,36d3cba6-8cf6-4cd4-b717-877220589d2a,2026-09-14T05:54:18Z,s2r,true,false,false
176,6edabe86-153f-40ec-b2ab-be4a2fded058,2026-09-14T05:54:18Z,s2r,true,false,false
177,451e980f-14b2-4d0e-a8cb-204af22f0bc3,2026-09-14T05:54:26Z,s2r,true,false,false
178,e265f314-99aa-4c70-b723-28546717f637,2026-09-14T05:54:26Z,s2m,true,false,false
179,5f8fc77a-a30d-4bb5-a19c-275867133eac,2026-09-14T05:54:26Z,s2m,true,false,false
180,c1f54570-78fb-4fe4-98a7-2cf50c2d5f86,2026-09-14T05:54:26Z,learn,true,false,false
181,46339cc8-65db-4452-b960-c657d13613a1,2026-09-14T05:54:26Z,learn,true,false,false
182,ce91d2c3-e787-4b4b-8261-963ee69bff31,2026-09-14T05:54:33Z,learn,true,false,false
183,d2564a6d-01b0-4230-ab32-116a90c7585e,2026-09-14T05:54:43Z,learn,true,false,false
184,3e88ff10-90a8-4859-8531-6009454925f2,2026-09-14T05:54:43Z,learn,true,false,false
185,c1f54570-78fb-4fe4-98a7-2cf50c2d5f86,2026-09-14T05:54:54Z,s2r,false,false,false
186,46339cc8-65db-4452-b960-c657d13613a1,2026-09-14T05:54:54Z,s2r,true,false,false
187,ce91d2c3-e787-4b4b-8261-963ee69bff31,2026-09-14T05:54:54Z,s2r,true,false,false
188,d2564a6d-01b0-4230-ab32-116a90c7585e,2026-09-14T05:55:07Z,s2r,true,false,false
189,3e88ff10-90a8-4859-8531-6009454925f2,2026-09-14T05:55:07Z,s2r,true,false,false
190,1ba4ad25-8280-4165-9ea1-cc687426feea,2026-09-14T05:55:33Z,s2r,false,false,false
191,c1f54570-78fb-4fe4-98a7-2cf50c2d5f86,2026-09-14T05:55:33Z,s2r,true,true,false
192,f2f6cc47-89fa-40e9-a721-3b124439e84d,2026-09-14T05:55:49Z,s2m,true,false,false
193,bbb0aacc-80c1-4175-9a8d-917f7fe90f3e,2026-09-14T05:55:53Z,r2m,true,false,false
194,50f7d3d5-c280-4f38-9014-32bc52a283a8,2026-09-14T05:56:01Z,s2r,true,false,false
195,1c552d1b-1346-4f6d-80fd-0e494ecea4ac,2026-09-14T05:56:08Z,learn,true,false,false
196,1ba4ad25-8280-4165-9ea1-cc687426feea,2026-09-14T05:56:14Z,s2r,true,true,false
197,5f77befc-dfa9-41fc-830a-43e760f70362,2026-09-14T05:56:33Z,learn,true,false,false
198,0698c951-c9d2-4533-852b-eac8f4c84061,2026-09-14T05:56:33Z,learn,true,false,false
199,14e08f81-a0c7-45c8-8463-d4623d5c59d1,2026-09-14T05:56:33Z,learn,true,false,false
200,c6c4dd31-d168-419b-8b3e-8cfda809f97f,2026-09-14T05:56:33Z,learn,true,false,false
201,1c552d1b-1346-4f6d-80fd-0e494ecea4ac,2026-09-14T05:56:48Z,s2r,false,false,false
202,5f77befc-dfa9-41fc-830a-43e760f70362,2026-09-14T05:57:01Z,s2r,true,false,false
203,0698c951-c9d2-4533-852b-eac8f4c84061,2026-09-14T05:57:01Z,s2m,true,false,false
204,14e08f81-a0c7-45c8-8463-d4623d5c59d1,2026-09-14T05:57:01Z,s2m,true,false,false
205,c6c4dd31-d168-419b-8b3e-8cfda809f97f,2026-09-14T05:57:01Z,s2r,true,false,false
206,52bb021f-4502-4a37-9f32-dcaec883eb33,2026-09-14T05:57:01Z,s2r,false,false,false
207,1c552d1b-1346-4f6d-80fd-0e494ecea4ac,2026-09-14T05:57:30Z,s2r,true,true,false
208,fea7426d-3b07-4c11-9543-348cfda6a5ee,2026-09-14T05:57:44Z,s2r,true,false,false
209,ae18cccf-800f-47a6-8ef9-59f533608085,2026-09-14T05:57:44Z,r2m,true,false,false
210,6c6777c5-0692-444b-a364-ac58f17192a0,2026-09-14T05:58:27Z,s2r,false,false,false
211,52bb021f-4502-4a37-9f32-dcaec883eb33,2026-09-14T05:58:27Z,s2r,true,true,false
212,6c6777c5-0692-444b-a364-ac58f17192a0,2026-09-14T05:58:34Z,s2r,false,true,false
213,6c6777c5-0692-444b-a364-ac58f17192a0,2026-09-14T05:58:34Z,s2r,true,true,false
214,1ba4ad25-8280-4165-9ea1-cc687426feea,2026-09-15T00:01:04Z,s2r,true,false,false
215,52bb021f-4502-4a37-9f32-dcaec883eb33,2026-09-15T00:01:04Z,s2r,true,false,false
216,6c6777c5-0692-444b-a364-ac58f17192a0,2026-09-15T00:01:04Z,s2r,true,false,false
217,aeedf882-6fc1-42ed-ac5a-e905239497f0,2026-09-15T00:01:04Z,s2m,true,false,false
218,400b9a00-99eb-4a2f-bb90-62beb85f03c6,2026-09-15T00:01:08Z,s2r,true,false,false
219,235e4ea8-9e01-45d8-85be-ae2b0e5cd871,2026-09-15T00:01:22Z,r2m,true,false,false
220,200ed9bf-0105-481c-85b5-4cf0f8a0728c,2026-09-15T00:01:22Z,s2r,true,false,false
221,cd88c1af-4c3b-4fb1-9fbf-e271d19f780d,2026-09-15T00:01:22Z,r2m,true,false,false
222,b0d7fee1-5895-472b-93b1-e4a978fedc2b,2026-09-15T00:01:22Z,s2m,true,false,false
223,cca46c98-20d4-4204-8179-179a38ffce6e,2026-09-15T00:01:22Z,learn,true,false,false
224,4b311383-78f9-493d-98b8-fb978c2cdba3,2026-09-15T00:01:33Z,learn,true,false,false
225,c5b7db25-ae9e-4d83-94a8-88af78d3fb27,2026-09-15T00:01:33Z,learn,true,false,false
226,98d2469c-fc46-40aa-9c4e-713224552b2b,2026-09-15T00:01:43Z,learn,true,false,false
227,a64949d7-d462-4eec-b6f5-0b2062241abb,2026-09-15T00:01:43Z,learn,true,false,false
228,cca46c98-20d4-4204-8179-179a38ffce6e,2026-09-15T00:01:43Z,s2r,true,false,false
229,4b311383-78f9-493d-98b8-fb978c2cdba3,2026-09-15T00:01:43Z,s2r,true,false,false
230,c5b7db25-ae9e-4d83-94a8-88af78d3fb27,2026-09-15T00:01:43Z,s2r,true,false,false
231,98d2469c-fc46-40aa-9c4e-713224552b2b,2026-09-15T00:02:07Z,s2r,true,false,false
232,a64949d7-d462-4eec-b6f5-0b2062241abb,2026-09-15T00:02:07Z,s2r,true,false,false
233,b0baccec-8296-4fa7-8266-9d39e71de037,2026-09-15T00:02:20Z,s2r,true,false,false
234,faa9598a-d0c1-49fd-b742-fcc6b93330fb,2026-09-15T00:02:20Z,s2r,true,false,false
235,c9b674f4-9972-4ec7-91ac-4880894b3ecd,2026-09-15T00:02:20Z,s2m,true,false,false
236,dfe1d229-47c0-4fb3-b3fe-33bfd1be06ba,2026-09-15T00:02:33Z,r2m,true,false,false
237,ddccff4b-eac2-4a93-a249-1f216c13f079,2026-09-15T00:02:33Z,s2r,true,false,false
238,2df797d5-ea40-4f27-8dee-6eab650047f8,2026-09-15T00:02:33Z,s2m,true,false,false
239,4c1684c3-9e32-4b8c-82b4-87a4a9354def,2026-09-15T00:02:41Z,s2m,true,false,false
240,9b8f150a-d405-4286-b4f7-ae9c4e0bb970,2026-09-15T00:02:55Z,r2m,true,false,false
241,175c17a0-e5a5-4fc7-b5e5-bbfbc4f7e34e,2026-09-15T00:02:55Z,s2r,true,false,false
242,be8bb945-08cc-457f-b903-6897f2f19adc,2026-09-15T00:02:55Z,learn,true,false,false
243,d71352be-4849-4a8a-bb2b-5d13737e79ef,2026-09-15T00:02:55Z,learn,true,false,false
244,7a7313ef-ac73-41c9-bc4e-d9ca59f0a425,2026-09-15T00:02:55Z,learn,true,false,false
245,cade6539-68ae-450f-a1ed-1be8ab04979c,2026-09-15T00:03:12Z,learn,true,false,false
246,7ecceb08-c043-45a9-b5dd-0aa66a40b6a3,2026-09-15T00:03:12Z,learn,true,false,false
247,be8bb945-08cc-457f-b903-6897f2f19adc,2026-09-15T00:03:12Z,s2r,true,false,false
248,d71352be-4849-4a8a-bb2b-5d13737e79ef,2026-09-15T00:03:12Z,s2r,true,false,false
249,7a7313ef-ac73-41c9-bc4e-d9ca59f0a425,2026-09-15T00:03:12Z,s2r,true,false,false
250,cade6539-68ae-450f-a1ed-1be8ab04979c,2026-09-15T00:03:20Z,s2r,true,false,false
251,7ecceb08-c043-45a9-b5dd-0aa66a40b6a3,2026-09-15T00:03:27Z,s2r,true,false,false
252,c480ef20-529f-4e97-a386-06cd58c2c32d,2026-09-15T00:03:45Z,r2m,true,false,false
253,a8acc782-976d-4dbd-a5c0-897e4a34b0c3,2026-09-15T00:03:45Z,s2r,true,false,false
254,cb6f6f56-4598-414d-82ba-e4a7fe28cdf0,2026-09-15T00:03:45Z,s2r,true,false,false
255,badc2cf3-fa24-4eab-bd20-88d76424a872,2026-09-15T00:03:45Z,s2r,true,false,false
256,fe42fe57-56c2-4006-98e5-4a5d974cf5fd,2026-09-15T00:03:55Z,s2r,true,false,false
257,49dcaefd-7255-4f5e-a7a5-932064bca464,2026-09-15T00:04:23Z,s2r,false,false,false
258,3f96236f-c3d2-4ecb-9fb3-bad41035320b,2026-09-15T00:04:23Z,s2m,true,false,false
259,36d3cba6-8cf6-4cd4-b717-877220589d2a,2026-09-15T00:04:23Z,s2r,true,false,false
260,c1f54570-78fb-4fe4-98a7-2cf50c2d5f86,2026-09-15T00:04:23Z,s2r,true,false,false
261,86bc14f7-f7ea-4080-9e47-bed6e71c1754,2026-09-15T00:04:23Z,learn,true,false,false
262,f62cfb7d-c293-4bcb-93d2-685d747aa351,2026-09-15T00:04:32Z,learn,true,false,false
263,49dcaefd-7255-4f5e-a7a5-932064bca464,2026-09-15T00:04:42Z,s2r,true,true,false
264,86bc14f7-f7ea-4080-9e47-bed6e71c1754,2026-09-15T00:04:42Z,s2r,true,false,false
265,f62cfb7d-c293-4bcb-93d2-685d747aa351,2026-09-15T00:04:42Z,s2r,true,false,false
266,46339cc8-65db-4452-b960-c657d13613a1,2026-09-15T00:04:42Z,s2r,true,false,false
267,ce91d2c3-e787-4b4b-8261-963ee69bff31,2026-09-15T00:04:42Z,s2m,true,false,false
268,d2564a6d-01b0-4230-ab32-116a90c7585e,2026-09-15T00:05:18Z,s2r,true,false,false
269,3e88ff10-90a8-4859-8531-6009454925f2,2026-09-15T00:05:18Z,s2r,true,false,false
270,1c552d1b-1346-4f6d-80fd-0e494ecea4ac,2026-09-15T00:05:41Z,s2r,false,false,false
271,5f77befc-dfa9-41fc-830a-43e760f70362,2026-09-15T00:06:01Z,s2m,false,false,false
272,0698c951-c9d2-4533-852b-eac8f4c84061,2026-09-15T00:06:20Z,s2m,true,false,false
273,14e08f81-a0c7-45c8-8463-d4623d5c59d1,2026-09-15T00:06:20Z,s2m,true,false,false
274,c6c4dd31-d168-419b-8b3e-8cfda809f97f,2026-09-15T00:07:08Z,s2m,false,false,false
275,1c552d1b-1346-4f6d-80fd-0e494ecea4ac,2026-09-15T00:07:16Z,s2r,false,true,false
276,5f77befc-dfa9-41fc-830a-43e760f70362,2026-09-15T00:07:21Z,s2m,true,true,false
277,c6c4dd31-d168-419b-8b3e-8cfda809f97f,2026-09-15T00:07:38Z,s2m,true,true,false
278,1c552d1b-1346-4f6d-80fd-0e494ecea4ac,2026-09-15T00:07:38Z,s2r,true,true,false
279,8adb3871-17e8-42e8-af5f-6dffbfc16695,2026-09-15T04:01:34Z,learn,true,false,false
280,1ed6f570-f305-496e-8f22-4271a93f7b11,2026-09-15T04:01:34Z,learn,true,false,false
281,24d35509-fa06-4acc-90a5-d3e35aa56202,2026-09-15T04:01:34Z,learn,true,false,false
282,4d011289-80b0-4aa5-b15d-96c11699ec51,2026-09-15T04:01:34Z,learn,true,false,false
283,f765fe72-69d2-4135-a390-13b4ef26323c,2026-09-15T04:01:34Z,learn,true,false,false
284,8adb3871-17e8-42e8-af5f-6dffbfc16695,2026-09-15T04:01:41Z,s2r,true,false,false
285,1ed6f570-f305-496e-8f22-4271a93f7b11,2026-09-15T04:01:41Z,s2r,true,false,false
286,24d35509-fa06-4acc-90a5-d3e35aa56202,2026-09-15T04:01:41Z,s2r,true,false,false
287,4d011289-80b0-4aa5-b15d-96c11699ec51,2026-09-15T04:01:41Z,s2r,true,false,false
288,f765fe72-69d2-4135-a390-13b4ef26323c,2026-09-15T04:01:41Z,s2r,true,false,false
289,79fcb687-27b8-4571-84d4-d49c2aec487d,2026-09-15T04:01:52Z,learn,true,false,false
290,a9cc6e20-46ab-4d5b-9e2d-298ef32f102a,2026-09-15T04:01:52Z,learn,true,false,false
291,d518a4ba-aa27-4ce6-8330-13ecacfe7057,2026-09-15T04:01:52Z,learn,true,false,false
292,331c5024-3375-4413-b0d7-a90b724401f4,2026-09-15T04:01:52Z,learn,true,false,false
293,b367a886-bb4a-4e28-8f39-cf07769419e4,2026-09-15T04:01:52Z,learn,true,false,false
294,79fcb687-27b8-4571-84d4-d49c2aec487d,2026-09-15T04:02:05Z,s2r,true,false,false
295,a9cc6e20-46ab-4d5b-9e2d-298ef32f102a,2026-09-15T04:02:05Z,s2r,true,false,false
296,d518a4ba-aa27-4ce6-8330-13ecacfe7057,2026-09-15T04:02:05Z,s2r,true,false,false
297,331c5024-3375-4413-b0d7-a90b724401f4,2026-09-15T04:02:05Z,s2r,true,false,false
298,b367a886-bb4a-4e28-8f39-cf07769419e4,2026-09-15T04:02:05Z,s2r,true,false,false
299,2abbdd7e-f4b3-4e71-b37e-bf3b7c3e7e5f,2026-09-15T04:02:27Z,learn,true,false,false
300,74b2a4d9-1b34-4875-a80a-cbbbd5ce9ac6,2026-09-15T04:02:27Z,learn,true,false,false
301,4a5e2838-a5e8-475b-89b5-22bdda1913fa,2026-09-15T04:02:27Z,learn,true,false,false
302,fad41c6a-1e15-40ac-8e9a-a308a5df073f,2026-09-15T04:02:39Z,learn,true,false,false
303,d0dbc745-6540-438f-ad5e-a9584cf67bb0,2026-09-15T04:02:47Z,learn,true,false,false
304,2abbdd7e-f4b3-4e71-b37e-bf3b7c3e7e5f,2026-09-15T04:02:47Z,s2r,true,false,false
305,74b2a4d9-1b34-4875-a80a-cbbbd5ce9ac6,2026-09-15T04:02:47Z,s2r,true,false,false
306,4a5e2838-a5e8-475b-89b5-22bdda1913fa,2026-09-15T04:02:47Z,s2r,true,false,false
307,fad41c6a-1e15-40ac-8e9a-a308a5df073f,2026-09-15T04:02:47Z,s2r,true,false,false
308,d0dbc745-6540-438f-ad5e-a9584cf67bb0,2026-09-15T04:03:03Z,s2r,true,false,false
309,9a8196f0-605c-4d5d-82da-6688980d802c,2026-09-15T04:03:03Z,learn,true,false,false
310,cfd2213c-95a0-4814-ab60-7c9fc70ac288,2026-09-15T04:03:03Z,learn,true,false,false
311,408cf9a7-452f-4520-9b6b-73f452235553,2026-09-15T04:03:03Z,learn,true,false,false
312,efd037fd-bb72-48e8-9e52-1465d4766a9e,2026-09-15T04:03:10Z,learn,true,false,false
313,45c85de0-5aff-4a3a-9bed-e94ab9db6b79,2026-09-15T04:03:10Z,learn,true,false,false
314,9a8196f0-605c-4d5d-82da-6688980d802c,2026-09-15T04:03:10Z,s2r,true,false,false
315,cfd2213c-95a0-4814-ab60-7c9fc70ac288,2026-09-15T04:03:10Z,s2r,true,false,false
316,408cf9a7-452f-4520-9b6b-73f452235553,2026-09-15T04:03:10Z,s2r,true,false,false
317,efd037fd-bb72-48e8-9e52-1465d4766a9e,2026-09-15T04:03:22Z,s2r,true,false,false
318,45c85de0-5aff-4a3a-9bed-e94ab9db6b79,2026-09-15T04:03:22Z,s2r,true,false,false
319,1cf7d3bd-0ff4-4c44-8332-8e0259e6d8bb,2026-09-15T04:03:22Z,learn,true,false,false
320,78467ca7-61a6-4b7f-8a5e-c99cc75aed3c,2026-09-15T04:03:22Z,learn,true,false,false
321,9ef9cf52-2584-4b06-b43c-4e407dacb854,2026-09-15T04:03:22Z,learn,true,false,false
322,df114fac-1c22-449c-86ed-dc7e55e69400,2026-09-15T04:03:29Z,learn,true,false,false
323,3733c6f6-af97-4fb9-a9d0-3bbafde5ee0c,2026-09-15T04:03:45Z,learn,true,false,false
324,1cf7d3bd-0ff4-4c44-8332-8e0259e6d8bb,2026-09-15T04:03:45Z,s2r,true,false,false
325,78467ca7-61a6-4b7f-8a5e-c99cc75aed3c,2026-09-15T04:03:45Z,s2m,true,false,false
326,9ef9cf52-2584-4b06-b43c-4e407dacb854,2026-09-15T04:03:45Z,s2m,true,false,false
327,df114fac-1c22-449c-86ed-dc7e55e69400,2026-09-15T04:03:51Z,s2r,true,false,false
328,3733c6f6-af97-4fb9-a9d0-3bbafde5ee0c,2026-09-15T04:03:57Z,s2r,true,false,false
329,edfd4f38-a2df-4cd6-a850-5c3324045d50,2026-09-15T04:04:08Z,learn,true,false,false
330,f45e2983-d936-4269-95d4-c2cef6e6988f,2026-09-15T04:04:08Z,learn,true,false,false
331,0a57d0ab-f712-4b18-b268-eb8b3e05529f,2026-09-15T04:04:08Z,learn,true,false,false
332,fae3e19b-9edb-45c7-a09e-08ff546f57a8,2026-09-15T04:04:08Z,learn,true,false,false
333,3340b3e2-4bb5-4630-81bd-b643570b00cf,2026-09-15T04:04:08Z,learn,true,false,false
334,edfd4f38-a2df-4cd6-a850-5c3324045d50,2026-09-15T04:04:17Z,s2r,true,false,false
335,f45e2983-d936-4269-95d4-c2cef6e6988f,2026-09-15T04:04:17Z,s2r,true,false,false
336,0a57d0ab-f712-4b18-b268-eb8b3e05529f,2026-09-15T04:04:17Z,s2r,true,false,false
337,fae3e19b-9edb-45c7-a09e-08ff546f57a8,2026-09-15T04:04:17Z,s2r,true,false,false
338,3340b3e2-4bb5-4630-81bd-b643570b00cf,2026-09-15T04:04:17Z,s2r,true,false,false
344,3b6b9bfd-c321-4d64-96ab-d8a43923ef8c,2026-09-15T05:32:54Z,learn,true,false,false
345,ffc1b609-b4b9-4859-ae81-48c5367cf9e6,2026-09-15T05:33:17Z,learn,true,false,false
346,a86429c3-f18e-4dcd-b280-99cce2ba3567,2026-09-15T05:33:27Z,learn,true,false,false
347,28fa45ae-0fb8-4bbe-b4dc-e57ea356d43b,2026-09-15T05:33:27Z,learn,true,false,false
348,08373eee-a54e-4a0a-8f13-110376ed7232,2026-09-15T05:33:42Z,learn,true,false,false
349,3b6b9bfd-c321-4d64-96ab-d8a43923ef8c,2026-09-15T05:33:42Z,s2r,true,false,false
350,ffc1b609-b4b9-4859-ae81-48c5367cf9e6,2026-09-15T05:33:42Z,s2r,true,false,false
351,a86429c3-f18e-4dcd-b280-99cce2ba3567,2026-09-15T05:33:55Z,s2r,true,false,false
352,28fa45ae-0fb8-4bbe-b4dc-e57ea356d43b,2026-09-15T05:33:55Z,s2r,true,false,false
353,08373eee-a54e-4a0a-8f13-110376ed7232,2026-09-15T05:33:55Z,s2r,true,false,false
354,9fb3d078-1b97-476a-9f27-cd01245d6d24,2026-09-15T05:33:55Z,learn,true,false,false
355,9fb3d078-1b97-476a-9f27-cd01245d6d24,2026-09-15T05:33:55Z,s2r,true,false,false
356,fae3e19b-9edb-45c7-a09e-08ff546f57a8,2026-09-16T01:02:57Z,s2r,true,false,false
357,3340b3e2-4bb5-4630-81bd-b643570b00cf,2026-09-16T01:03:07Z,s2r,false,false,false
358,49dcaefd-7255-4f5e-a7a5-932064bca464,2026-09-16T01:03:07Z,s2r,true,false,false
359,9a8196f0-605c-4d5d-82da-6688980d802c,2026-09-16T01:03:07Z,s2m,true,false,false
360,cfd2213c-95a0-4814-ab60-7c9fc70ac288,2026-09-16T01:03:16Z,r2m,true,false,false
361,408cf9a7-452f-4520-9b6b-73f452235553,2026-09-16T01:03:16Z,s2r,true,false,false
362,efd037fd-bb72-48e8-9e52-1465d4766a9e,2026-09-16T01:04:39Z,s2m,true,false,false
363,3340b3e2-4bb5-4630-81bd-b643570b00cf,2026-09-16T01:04:56Z,s2r,true,true,false
364,45c85de0-5aff-4a3a-9bed-e94ab9db6b79,2026-09-16T01:04:56Z,s2r,true,false,false
365,1cf7d3bd-0ff4-4c44-8332-8e0259e6d8bb,2026-09-16T01:04:56Z,s2r,true,false,false
366,78467ca7-61a6-4b7f-8a5e-c99cc75aed3c,2026-09-16T01:04:56Z,s2m,true,false,false
367,9ef9cf52-2584-4b06-b43c-4e407dacb854,2026-09-16T01:04:56Z,s2m,true,false,false
368,df114fac-1c22-449c-86ed-dc7e55e69400,2026-09-16T01:05:02Z,s2r,true,false,false
369,3733c6f6-af97-4fb9-a9d0-3bbafde5ee0c,2026-09-16T01:05:18Z,s2m,true,false,false
370,edfd4f38-a2df-4cd6-a850-5c3324045d50,2026-09-16T01:05:18Z,s2r,true,false,false
371,f45e2983-d936-4269-95d4-c2cef6e6988f,2026-09-16T01:05:18Z,s2m,true,false,false
372,0a57d0ab-f712-4b18-b268-eb8b3e05529f,2026-09-16T01:05:18Z,s2r,true,false,false
373,3b6b9bfd-c321-4d64-96ab-d8a43923ef8c,2026-09-16T01:05:18Z,s2r,true,false,false
374,ffc1b609-b4b9-4859-ae81-48c5367cf9e6,2026-09-16T01:06:06Z,s2m,false,false,false
375,a86429c3-f18e-4dcd-b280-99cce2ba3567,2026-09-16T01:06:17Z,r2m,true,false,false
376,28fa45ae-0fb8-4bbe-b4dc-e57ea356d43b,2026-09-16T01:06:24Z,s2r,true,false,false
377,cca46c98-20d4-4204-8179-179a38ffce6e,2026-09-16T01:07:05Z,s2r,true,false,false
378,4b311383-78f9-493d-98b8-fb978c2cdba3,2026-09-16T01:07:05Z,s2r,true,false,false
379,c5b7db25-ae9e-4d83-94a8-88af78d3fb27,2026-09-16T01:07:05Z,s2m,true,false,false
380,ffc1b609-b4b9-4859-ae81-48c5367cf9e6,2026-09-16T01:07:13Z,s2m,true,true,false
381,98d2469c-fc46-40aa-9c4e-713224552b2b,2026-09-16T01:07:30Z,s2r,false,false,false
382,a64949d7-d462-4eec-b6f5-0b2062241abb,2026-09-16T01:07:30Z,s2r,true,false,false
383,be8bb945-08cc-457f-b903-6897f2f19adc,2026-09-16T01:07:30Z,s2r,true,false,false
384,d71352be-4849-4a8a-bb2b-5d13737e79ef,2026-09-16T01:07:30Z,s2r,true,false,false
385,7a7313ef-ac73-41c9-bc4e-d9ca59f0a425,2026-09-16T01:07:30Z,s2r,false,false,false
386,cade6539-68ae-450f-a1ed-1be8ab04979c,2026-09-16T01:08:06Z,s2r,false,false,false
387,98d2469c-fc46-40aa-9c4e-713224552b2b,2026-09-16T01:08:06Z,s2r,true,true,false
388,7ecceb08-c043-45a9-b5dd-0aa66a40b6a3,2026-09-16T01:08:15Z,r2m,true,false,false
389,86bc14f7-f7ea-4080-9e47-bed6e71c1754,2026-09-16T01:08:20Z,r2m,true,false,false
390,f62cfb7d-c293-4bcb-93d2-685d747aa351,2026-09-16T01:08:25Z,s2m,true,false,false
391,7a7313ef-ac73-41c9-bc4e-d9ca59f0a425,2026-09-16T01:08:38Z,s2r,true,true,false
392,cade6539-68ae-450f-a1ed-1be8ab04979c,2026-09-16T01:08:38Z,s2r,true,true,false
393,1c552d1b-1346-4f6d-80fd-0e494ecea4ac,2026-09-16T01:09:15Z,s2r,false,false,false
394,5f77befc-dfa9-41fc-830a-43e760f70362,2026-09-16T01:09:15Z,s2m,false,false,false
395,c6c4dd31-d168-419b-8b3e-8cfda809f97f,2026-09-16T01:09:23Z,s2m,false,false,false
396,08373eee-a54e-4a0a-8f13-110376ed7232,2026-09-16T01:09:29Z,s2r,true,false,false
397,9fb3d078-1b97-476a-9f27-cd01245d6d24,2026-09-16T01:09:36Z,r2m,true,false,false
398,8adb3871-17e8-42e8-af5f-6dffbfc16695,2026-09-16T01:09:50Z,s2r,false,false,false
399,1c552d1b-1346-4f6d-80fd-0e494ecea4ac,2026-09-16T01:10:01Z,s2r,false,true,false
400,5f77befc-dfa9-41fc-830a-43e760f70362,2026-09-16T01:10:01Z,s2m,true,true,false
401,c6c4dd31-d168-419b-8b3e-8cfda809f97f,2026-09-16T01:10:11Z,s2m,false,true,false
402,1ed6f570-f305-496e-8f22-4271a93f7b11,2026-09-16T01:10:11Z,r2m,true,false,false
403,24d35509-fa06-4acc-90a5-d3e35aa56202,2026-09-16T01:10:20Z,s2r,true,false,false
404,8adb3871-17e8-42e8-af5f-6dffbfc16695,2026-09-16T01:10:20Z,s2r,true,true,false
405,1c552d1b-1346-4f6d-80fd-0e494ecea4ac,2026-09-16T01:10:48Z,s2r,false,true,false
406,4d011289-80b0-4aa5-b15d-96c11699ec51,2026-09-16T01:10:48Z,s2m,true,false,false
407,c6c4dd31-d168-419b-8b3e-8cfda809f97f,2026-09-16T01:11:04Z,s2m,false,true,false
408,f765fe72-69d2-4135-a390-13b4ef26323c,2026-09-16T01:11:04Z,s2r,true,false,false
409,79fcb687-27b8-4571-84d4-d49c2aec487d,2026-09-16T01:11:18Z,s2m,true,false,false
410,a9cc6e20-46ab-4d5b-9e2d-298ef32f102a,2026-09-16T01:11:18Z,s2m,true,false,false
411,1c552d1b-1346-4f6d-80fd-0e494ecea4ac,2026-09-16T01:11:43Z,s2r,true,true,false
412,d518a4ba-aa27-4ce6-8330-13ecacfe7057,2026-09-16T01:11:51Z,s2r,true,false,false
413,c6c4dd31-d168-419b-8b3e-8cfda809f97f,2026-09-16T01:12:59Z,s2m,false,true,false
414,331c5024-3375-4413-b0d7-a90b724401f4,2026-09-16T01:12:59Z,s2r,true,false,false
415,b367a886-bb4a-4e28-8f39-cf07769419e4,2026-09-16T01:12:59Z,s2r,true,false,false
416,2abbdd7e-f4b3-4e71-b37e-bf3b7c3e7e5f,2026-09-16T01:12:59Z,s2m,true,false,false
417,74b2a4d9-1b34-4875-a80a-cbbbd5ce9ac6,2026-09-16T01:12:59Z,s2r,true,false,false
418,4a5e2838-a5e8-475b-89b5-22bdda1913fa,2026-09-16T01:13:06Z,s2r,true,false,false
419,c6c4dd31-d168-419b-8b3e-8cfda809f97f,2026-09-16T01:13:13Z,s2m,true,true,false
420,fad41c6a-1e15-40ac-8e9a-a308a5df073f,2026-09-16T01:13:27Z,s2m,false,false,false
421,d0dbc745-6540-438f-ad5e-a9584cf67bb0,2026-09-16T01:13:27Z,s2r,true,false,false
422,fad41c6a-1e15-40ac-8e9a-a308a5df073f,2026-09-16T01:13:31Z,s2m,true,true,false
423,175878ca-75ee-4d9d-8ef0-656fb172dc2c,2026-09-16T07:42:17Z,learn,true,false,false
424,016e74ed-9ac2-4a34-972b-ae66e54e36f9,2026-09-16T07:42:17Z,learn,true,false,false
425,bfb4bf85-6818-475f-9202-0c3011f6b4b3,2026-09-16T07:42:30Z,learn,true,false,false
426,c6bc1adc-b677-4fbb-a809-6221fb0b30fd,2026-09-16T07:42:30Z,learn,true,false,false
427,7e30e6d8-5da9-4727-bb20-07fc5a65033a,2026-09-16T07:42:30Z,learn,true,false,false
428,175878ca-75ee-4d9d-8ef0-656fb172dc2c,2026-09-16T07:42:30Z,s2r,true,false,false
429,016e74ed-9ac2-4a34-972b-ae66e54e36f9,2026-09-16T07:42:30Z,s2r,true,false,false
430,bfb4bf85-6818-475f-9202-0c3011f6b4b3,2026-09-16T07:42:40Z,s2r,true,false,false
431,c6bc1adc-b677-4fbb-a809-6221fb0b30fd,2026-09-16T07:42:40Z,s2r,true,false,false
432,7e30e6d8-5da9-4727-bb20-07fc5a65033a,2026-09-16T07:42:40Z,s2r,true,false,false
433,fa29503b-11ef-4974-8b71-f878864481f0,2026-09-16T07:42:40Z,learn,true,false,false
434,90d08a71-c808-47ca-88e8-27820bace740,2026-09-16T07:42:40Z,learn,true,false,false
435,19ae616a-779b-470e-b564-92e374673fb3,2026-09-16T07:43:00Z,learn,true,false,false
436,67614dcc-6eb7-4e00-9938-cb6dfe634933,2026-09-16T07:43:00Z,learn,true,false,false
437,24ed7835-941e-4759-b40c-ef085193d59a,2026-09-16T07:44:28Z,learn,true,false,false
438,fa29503b-11ef-4974-8b71-f878864481f0,2026-09-16T07:44:42Z,s2r,true,false,false
439,90d08a71-c808-47ca-88e8-27820bace740,2026-09-16T07:44:42Z,s2r,true,false,false
440,19ae616a-779b-470e-b564-92e374673fb3,2026-09-16T07:45:11Z,s2r,true,false,false
441,67614dcc-6eb7-4e00-9938-cb6dfe634933,2026-09-16T07:45:11Z,s2r,true,false,false
442,24ed7835-941e-4759-b40c-ef085193d59a,2026-09-16T07:45:11Z,s2r,true,false,false
443,23570e3b-9a24-49a0-a39a-dce8243f35e0,2026-09-16T07:45:24Z,learn,true,false,false
444,f866e10a-ffda-47e4-acb9-c947f5551100,2026-09-16T07:45:24Z,learn,true,false,false
445,426a5f0a-3e77-4c4d-ae7e-eb3e71f88fd5,2026-09-16T07:45:24Z,learn,true,false,false
446,f087f28d-daa8-4f0a-9ce8-b473537c5e27,2026-09-16T07:45:37Z,learn,true,false,false
447,503819fb-b02e-46fa-9cfa-c8eab5390d30,2026-09-16T07:45:37Z,learn,true,false,false
448,23570e3b-9a24-49a0-a39a-dce8243f35e0,2026-09-16T07:45:37Z,s2r,true,false,false
449,f866e10a-ffda-47e4-acb9-c947f5551100,2026-09-16T07:45:37Z,s2r,true,false,false
450,426a5f0a-3e77-4c4d-ae7e-eb3e71f88fd5,2026-09-16T07:45:37Z,s2r,true,false,false
451,f087f28d-daa8-4f0a-9ce8-b473537c5e27,2026-09-16T07:46:15Z,s2r,true,false,false
452,503819fb-b02e-46fa-9cfa-c8eab5390d30,2026-09-16T07:46:31Z,s2r,true,false,false
453,4ae96aff-ec06-4adb-abdb-bb97afa81766,2026-09-16T07:46:31Z,learn,true,false,false
454,5b9280c3-aea3-4c8b-8f35-a2d56484fadb,2026-09-16T07:46:50Z,learn,true,false,false
455,db110547-5c5d-47d4-b473-6d4c144a8568,2026-09-16T07:46:50Z,learn,true,false,false
456,5358a0c1-67a6-48a8-a4a0-b679c7914a3a,2026-09-16T07:46:50Z,learn,true,false,false
457,45f70b5d-b78e-4a22-9041-2c89be0b8c7a,2026-09-16T07:46:50Z,learn,true,false,false
458,4ae96aff-ec06-4adb-abdb-bb97afa81766,2026-09-16T07:46:50Z,s2r,true,false,false
459,5b9280c3-aea3-4c8b-8f35-a2d56484fadb,2026-09-16T07:46:58Z,s2r,true,false,false
460,db110547-5c5d-47d4-b473-6d4c144a8568,2026-09-16T07:47:12Z,s2r,true,false,false
461,5358a0c1-67a6-48a8-a4a0-b679c7914a3a,2026-09-16T07:47:33Z,s2r,false,false,false
462,45f70b5d-b78e-4a22-9041-2c89be0b8c7a,2026-09-16T07:47:33Z,s2r,true,false,false
463,d2e96b37-73de-4df6-aa3f-a71ee6260bed,2026-09-16T07:47:33Z,learn,true,false,false
464,d4bca20c-f1fb-4726-ba84-9e2d62e5ff0d,2026-09-16T07:47:33Z,learn,true,false,false
465,69f13611-c575-4aad-bdf3-59edff4a971d,2026-09-16T07:47:33Z,learn,true,false,false
466,fbcc219c-adbe-4378-b12e-b35c493b4f8a,2026-09-16T07:47:39Z,learn,true,false,false
467,5358a0c1-67a6-48a8-a4a0-b679c7914a3a,2026-09-16T07:47:53Z,s2r,true,true,false
468,5381da40-32cc-4f6b-a9c3-e0f89c6d44dc,2026-09-16T07:47:53Z,learn,true,false,false
469,d2e96b37-73de-4df6-aa3f-a71ee6260bed,2026-09-16T07:47:53Z,s2r,false,false,false
470,d4bca20c-f1fb-4726-ba84-9e2d62e5ff0d,2026-09-16T07:47:53Z,s2m,true,false,false
471,69f13611-c575-4aad-bdf3-59edff4a971d,2026-09-16T07:47:53Z,s2m,true,false,false
472,fbcc219c-adbe-4378-b12e-b35c493b4f8a,2026-09-16T07:48:06Z,s2m,true,false,false
473,5381da40-32cc-4f6b-a9c3-e0f89c6d44dc,2026-09-16T07:48:06Z,s2r,true,false,false
474,db1d7c6d-7c15-42a5-8f49-c8b562353157,2026-09-16T07:48:06Z,learn,true,false,false
475,d2e96b37-73de-4df6-aa3f-a71ee6260bed,2026-09-16T07:48:06Z,s2r,true,true,false
476,9c515bd6-5f43-4245-a60c-45ee317cadd4,2026-09-16T07:48:06Z,learn,true,false,false
477,f5932f68-2285-4e8c-a731-e6d1daa690d4,2026-09-16T07:48:16Z,learn,true,false,false
478,287ada00-c554-42ee-a8c6-a26a86af57ed,2026-09-16T07:48:16Z,learn,true,false,false
479,4a81df6f-a67f-4752-9b1a-e559608836ba,2026-09-16T07:48:16Z,learn,true,false,false
480,db1d7c6d-7c15-42a5-8f49-c8b562353157,2026-09-16T07:48:31Z,s2r,true,false,false
481,9c515bd6-5f43-4245-a60c-45ee317cadd4,2026-09-16T07:48:52Z,s2r,true,false,false
482,f5932f68-2285-4e8c-a731-e6d1daa690d4,2026-09-16T07:49:01Z,s2r,true,false,false
483,287ada00-c554-42ee-a8c6-a26a86af57ed,2026-09-16T07:49:01Z,s2r,true,false,false
484,4a81df6f-a67f-4752-9b1a-e559608836ba,2026-09-16T07:49:01Z,s2r,true,false,false
485,cdd050a5-c256-48ee-9d6f-4ccff36d718b,2026-09-16T07:49:01Z,learn,true,false,false
486,24eba4dc-44bb-4343-bb63-566d33837b5f,2026-09-16T07:49:01Z,learn,true,false,false
487,0874f34a-be77-4aa7-a014-3c31b6211155,2026-09-16T07:49:19Z,learn,true,false,false
488,4a2e0b19-847a-485f-88ff-a0ff19144a85,2026-09-16T07:49:19Z,learn,true,false,false
489,378ffa77-1e1b-4eaa-aed8-c11700cd7afa,2026-09-16T07:49:32Z,learn,true,false,false
490,cdd050a5-c256-48ee-9d6f-4ccff36d718b,2026-09-16T07:49:32Z,s2r,true,false,false
491,24eba4dc-44bb-4343-bb63-566d33837b5f,2026-09-16T07:49:32Z,s2r,true,false,false
492,0874f34a-be77-4aa7-a014-3c31b6211155,2026-09-16T07:49:32Z,s2r,true,false,false
493,4a2e0b19-847a-485f-88ff-a0ff19144a85,2026-09-16T07:49:32Z,s2r,true,false,false
494,378ffa77-1e1b-4eaa-aed8-c11700cd7afa,2026-09-16T07:49:37Z,s2r,true,false,false
495,a79c9835-df3b-4342-92f1-2b4a738d2e32,2026-09-16T07:49:37Z,learn,true,false,false
496,a79c9835-df3b-4342-92f1-2b4a738d2e32,2026-09-16T07:49:37Z,s2r,true,false,false
497,3340b3e2-4bb5-4630-81bd-b643570b00cf,2026-09-17T00:16:48Z,s2r,true,false,false
498,fad41c6a-1e15-40ac-8e9a-a308a5df073f,2026-09-17T00:17:13Z,s2m,false,false,false
499,175878ca-75ee-4d9d-8ef0-656fb172dc2c,2026-09-17T00:17:13Z,s2r,true,false,false
500,016e74ed-9ac2-4a34-972b-ae66e54e36f9,2026-09-17T00:17:13Z,s2r,true,false,false
501,bfb4bf85-6818-475f-9202-0c3011f6b4b3,2026-09-17T00:17:24Z,r2m,true,false,false
502,ffc1b609-b4b9-4859-ae81-48c5367cf9e6,2026-09-17T00:17:24Z,s2m,true,false,false
503,98d2469c-fc46-40aa-9c4e-713224552b2b,2026-09-17T00:17:24Z,s2r,true,false,false
504,fad41c6a-1e15-40ac-8e9a-a308a5df073f,2026-09-17T00:17:29Z,s2m,true,true,false
505,7a7313ef-ac73-41c9-bc4e-d9ca59f0a425,2026-09-17T00:17:48Z,s2r,false,false,false
506,cade6539-68ae-450f-a1ed-1be8ab04979c,2026-09-17T00:17:48Z,s2r,true,false,false
507,1c552d1b-1346-4f6d-80fd-0e494ecea4ac,2026-09-17T00:17:56Z,s2r,true,false,false
508,5f77befc-dfa9-41fc-830a-43e760f70362,2026-09-17T00:21:44Z,s2m,false,false,false
509,c6c4dd31-d168-419b-8b3e-8cfda809f97f,2026-09-17T00:21:44Z,s2m,true,false,false
510,8adb3871-17e8-42e8-af5f-6dffbfc16695,2026-09-17T00:22:04Z,s2r,false,false,false
511,7a7313ef-ac73-41c9-bc4e-d9ca59f0a425,2026-09-17T00:22:04Z,s2r,true,true,false
512,c6bc1adc-b677-4fbb-a809-6221fb0b30fd,2026-09-17T00:22:04Z,r2m,true,false,false
513,7e30e6d8-5da9-4727-bb20-07fc5a65033a,2026-09-17T00:22:10Z,s2r,true,false,false
514,5f77befc-dfa9-41fc-830a-43e760f70362,2026-09-17T00:22:26Z,s2m,false,true,false
515,fa29503b-11ef-4974-8b71-f878864481f0,2026-09-17T00:22:26Z,s2r,true,false,false
516,8adb3871-17e8-42e8-af5f-6dffbfc16695,2026-09-17T00:22:43Z,s2r,true,true,false
517,90d08a71-c808-47ca-88e8-27820bace740,2026-09-17T00:22:48Z,s2r,true,false,false
518,19ae616a-779b-470e-b564-92e374673fb3,2026-09-17T00:23:00Z,r2m,true,false,false
519,67614dcc-6eb7-4e00-9938-cb6dfe634933,2026-09-17T00:23:00Z,s2r,true,false,false
520,5f77befc-dfa9-41fc-830a-43e760f70362,2026-09-17T00:23:07Z,s2m,true,true,false
521,24ed7835-941e-4759-b40c-ef085193d59a,2026-09-17T00:23:36Z,s2m,false,false,false
522,23570e3b-9a24-49a0-a39a-dce8243f35e0,2026-09-17T00:23:36Z,s2m,true,false,false
523,f866e10a-ffda-47e4-acb9-c947f5551100,2026-09-17T00:23:43Z,s2m,true,false,false
524,426a5f0a-3e77-4c4d-ae7e-eb3e71f88fd5,2026-09-17T00:23:49Z,s2m,true,false,false
525,f087f28d-daa8-4f0a-9ce8-b473537c5e27,2026-09-17T00:24:29Z,r2m,true,false,false
526,503819fb-b02e-46fa-9cfa-c8eab5390d30,2026-09-17T00:24:29Z,r2m,true,false,false
527,24ed7835-941e-4759-b40c-ef085193d59a,2026-09-17T00:24:39Z,s2m,true,true,false
528,4ae96aff-ec06-4adb-abdb-bb97afa81766,2026-09-17T00:24:39Z,s2m,true,false,false
529,5b9280c3-aea3-4c8b-8f35-a2d56484fadb,2026-09-17T00:24:45Z,s2r,true,false,false
530,db110547-5c5d-47d4-b473-6d4c144a8568,2026-09-17T00:24:51Z,s2r,true,false,false
531,5358a0c1-67a6-48a8-a4a0-b679c7914a3a,2026-09-17T00:25:10Z,s2r,false,false,false
532,45f70b5d-b78e-4a22-9041-2c89be0b8c7a,2026-09-17T00:25:15Z,s2m,true,false,false
533,d2e96b37-73de-4df6-aa3f-a71ee6260bed,2026-09-17T00:25:15Z,s2r,true,false,false
534,d4bca20c-f1fb-4726-ba84-9e2d62e5ff0d,2026-09-17T00:25:15Z,s2m,true,false,false
535,69f13611-c575-4aad-bdf3-59edff4a971d,2026-09-17T00:25:15Z,s2m,true,false,false
536,fbcc219c-adbe-4378-b12e-b35c493b4f8a,2026-09-17T00:25:15Z,s2m,true,false,false
537,5358a0c1-67a6-48a8-a4a0-b679c7914a3a,2026-09-17T00:25:32Z,s2r,true,true,false
538,5381da40-32cc-4f6b-a9c3-e0f89c6d44dc,2026-09-17T00:25:32Z,r2m,true,false,false
539,db1d7c6d-7c15-42a5-8f49-c8b562353157,2026-09-17T00:25:32Z,r2m,true,false,false
540,9c515bd6-5f43-4245-a60c-45ee317cadd4,2026-09-17T00:25:42Z,s2r,true,false,false
541,f5932f68-2285-4e8c-a731-e6d1daa690d4,2026-09-17T00:25:42Z,s2r,true,false,false
542,287ada00-c554-42ee-a8c6-a26a86af57ed,2026-09-17T00:25:51Z,r2m,true,false,false
543,4a81df6f-a67f-4752-9b1a-e559608836ba,2026-09-17T00:25:51Z,s2m,true,false,false
544,cdd050a5-c256-48ee-9d6f-4ccff36d718b,2026-09-17T00:26:16Z,s2r,true,false,false
545,24eba4dc-44bb-4343-bb63-566d33837b5f,2026-09-17T00:26:16Z,s2r,true,false,false
546,0874f34a-be77-4aa7-a014-3c31b6211155,2026-09-17T00:26:16Z,r2m,true,false,false
547,4a2e0b19-847a-485f-88ff-a0ff19144a85,2026-09-17T00:26:16Z,s2r,true,false,false
548,378ffa77-1e1b-4eaa-aed8-c11700cd7afa,2026-09-17T00:26:16Z,s2r,false,false,false
549,a79c9835-df3b-4342-92f1-2b4a738d2e32,2026-09-17T00:26:23Z,s2r,true,false,false
550,f2f6cc47-89fa-40e9-a721-3b124439e84d,2026-09-17T00:26:35Z,s2m,true,false,false
551,bbb0aacc-80c1-4175-9a8d-917f7fe90f3e,2026-09-17T00:26:48Z,s2r,true,false,false
552,50f7d3d5-c280-4f38-9014-32bc52a283a8,2026-09-17T00:26:48Z,s2r,true,false,false
553,fea7426d-3b07-4c11-9543-348cfda6a5ee,2026-09-17T00:26:48Z,s2r,true,false,false
554,378ffa77-1e1b-4eaa-aed8-c11700cd7afa,2026-09-17T00:26:48Z,s2r,true,true,false
555,ae18cccf-800f-47a6-8ef9-59f533608085,2026-09-17T00:26:48Z,s2r,true,false,false
556,01249a72-6208-4ad4-8085-dfc7be789882,2026-09-17T00:26:57Z,s2r,true,false,false
557,31a34ed8-0b39-4881-9385-13e41e66b10c,2026-09-17T00:27:05Z,s2r,true,false,false
558,fc5d9cd5-5672-4561-b8b4-776d404a1d94,2026-09-17T00:27:05Z,s2r,true,false,false
559,51340b87-1742-4521-9bc1-827b9a8bc6b1,2026-09-17T00:27:24Z,s2m,true,false,false
560,164a8f26-7214-4187-9136-c071e3aec858,2026-09-17T00:27:24Z,r2m,true,false,false
561,c6d71459-0bcc-4cc8-b809-9871c30c1895,2026-09-17T00:27:24Z,s2r,true,false,false
562,8c041ca5-79ad-4d6a-b1d1-f683bfd37ad3,2026-09-17T00:27:24Z,s2m,true,false,false
563,6e9aabaa-5091-4e58-b439-937788898e73,2026-09-17T00:27:24Z,s2r,true,false,false
564,f56ad1d4-60e8-47cf-b876-bb3b27842d02,2026-09-17T00:27:40Z,s2r,true,false,false
565,c73994f8-2e6e-4210-bc42-067dae816019,2026-09-17T00:27:40Z,r2m,true,false,false
566,cdb5efb2-8f47-4fad-9d9a-e2f0fd9dbafc,2026-09-17T00:27:40Z,s2r,true,false,false
567,853da365-46f3-4530-baa0-69a4d57d3d89,2026-09-17T00:27:40Z,s2r,true,false,false
568,29ef3554-de71-45f9-89d2-fac8ee9ad6f5,2026-09-17T00:27:40Z,s2r,true,false,false
569,d2003e7c-6e21-4024-9f46-e058ffe7b455,2026-09-17T00:27:50Z,s2r,true,false,false
570,14a315fc-a9a6-4dd5-9402-6635576d9065,2026-09-17T00:27:50Z,s2r,true,false,false
571,6edabe86-153f-40ec-b2ab-be4a2fded058,2026-09-17T00:27:50Z,s2r,true,false,false
572,451e980f-14b2-4d0e-a8cb-204af22f0bc3,2026-09-17T00:27:58Z,s2r,true,false,false
573,e265f314-99aa-4c70-b723-28546717f637,2026-09-17T00:27:58Z,s2m,true,false,false
574,5f8fc77a-a30d-4bb5-a19c-275867133eac,2026-09-17T00:27:58Z,s2m,true,false,false
575,d8063e97-9d37-40b7-b1ae-93a4f96cd808,2026-09-17T07:36:16Z,learn,true,false,false
576,e9bd1887-ab30-4514-bfa2-3f3a3c05e29b,2026-09-17T07:36:16Z,learn,true,false,false
577,773ad73d-4c44-4089-9106-244947f5a61a,2026-09-17T07:36:23Z,learn,true,false,false
578,ca7784a4-9b54-4136-9f2d-30694bd23769,2026-09-17T07:36:23Z,learn,true,false,false
579,a72a69f1-6b26-4709-b331-ade1938227e3,2026-09-17T07:36:23Z,learn,true,false,false
580,d8063e97-9d37-40b7-b1ae-93a4f96cd808,2026-09-17T07:36:23Z,s2r,true,false,false
581,e9bd1887-ab30-4514-bfa2-3f3a3c05e29b,2026-09-17T07:36:23Z,s2r,true,false,false
582,773ad73d-4c44-4089-9106-244947f5a61a,2026-09-17T07:36:33Z,s2r,true,false,false
583,ca7784a4-9b54-4136-9f2d-30694bd23769,2026-09-17T07:36:33Z,s2r,true,false,false
584,a72a69f1-6b26-4709-b331-ade1938227e3,2026-09-17T07:36:44Z,s2r,false,false,false
585,95ba74b4-9ad1-4115-9735-c3caa55b9165,2026-09-17T07:36:44Z,learn,true,false,false
586,e5aa4c55-6cc9-4a54-b378-3bec934b04b5,2026-09-17T07:36:44Z,learn,true,false,false
587,07b62d95-1883-4989-982f-efa2ea7527f4,2026-09-17T07:36:44Z,learn,true,false,false
588,6bed5a71-96ca-46e3-aac1-460757b26ab6,2026-09-17T07:36:44Z,learn,true,false,false
589,6468acfb-6f76-4884-bcb5-52ba519826aa,2026-09-17T07:36:58Z,learn,true,false,false
590,a72a69f1-6b26-4709-b331-ade1938227e3,2026-09-17T07:36:58Z,s2r,true,true,false
591,95ba74b4-9ad1-4115-9735-c3caa55b9165,2026-09-17T07:36:58Z,s2r,true,false,false
592,e5aa4c55-6cc9-4a54-b378-3bec934b04b5,2026-09-17T07:36:58Z,s2r,true,false,false
593,07b62d95-1883-4989-982f-efa2ea7527f4,2026-09-17T07:36:58Z,s2r,true,false,false
594,6bed5a71-96ca-46e3-aac1-460757b26ab6,2026-09-17T07:37:10Z,s2r,true,false,false
595,6468acfb-6f76-4884-bcb5-52ba519826aa,2026-09-17T07:37:20Z,s2r,true,false,false
596,79dc46a2-b50c-41b9-9a67-cdee05efa47e,2026-09-17T07:37:20Z,learn,true,false,false
597,226f7c45-6679-406e-a9f0-61745cfe1971,2026-09-17T07:37:26Z,learn,true,false,false
598,330e4cd9-28f7-4f28-a3c0-be6552e4517f,2026-09-17T07:37:36Z,learn,true,false,false
599,2e91341d-2870-47e1-b202-854fcbb610b0,2026-09-17T07:37:36Z,learn,true,false,false
600,d9ef8813-28d0-4f3a-a675-52d052797e1c,2026-09-17T07:37:36Z,learn,true,false,false
601,79dc46a2-b50c-41b9-9a67-cdee05efa47e,2026-09-17T07:37:48Z,s2r,true,false,false
602,226f7c45-6679-406e-a9f0-61745cfe1971,2026-09-17T07:37:48Z,s2r,true,false,false
603,330e4cd9-28f7-4f28-a3c0-be6552e4517f,2026-09-17T07:37:48Z,s2r,true,false,false
604,2e91341d-2870-47e1-b202-854fcbb610b0,2026-09-17T07:38:04Z,s2r,true,false,false
605,d9ef8813-28d0-4f3a-a675-52d052797e1c,2026-09-17T07:38:04Z,s2r,true,false,false
606,ab967c75-42ed-4e6f-a578-5790efd01aba,2026-09-17T07:38:04Z,learn,true,false,false
607,8f5b5f40-77cd-4755-b148-3acefd135857,2026-09-17T07:38:04Z,learn,true,false,false
608,df847d6a-88b9-4326-8dfa-d3674547da57,2026-09-17T07:38:04Z,learn,true,false,false
609,f93017c2-05ac-4c05-886c-e0b234e507d4,2026-09-17T07:38:24Z,learn,true,false,false
610,c3489a7e-98a8-4159-a24d-0abaaad10f21,2026-09-17T07:38:24Z,learn,true,false,false
611,ab967c75-42ed-4e6f-a578-5790efd01aba,2026-09-17T07:38:24Z,s2r,true,false,false
612,8f5b5f40-77cd-4755-b148-3acefd135857,2026-09-17T07:38:24Z,s2r,true,false,false
613,df847d6a-88b9-4326-8dfa-d3674547da57,2026-09-17T07:38:32Z,s2r,true,false,false
614,f93017c2-05ac-4c05-886c-e0b234e507d4,2026-09-17T07:38:32Z,s2r,true,false,false
615,c3489a7e-98a8-4159-a24d-0abaaad10f21,2026-09-17T07:38:49Z,s2r,true,false,false
616,cc6cb1ec-94d8-46ce-9639-73e95be71046,2026-09-17T07:38:49Z,learn,true,false,false
617,c37d9fd9-c3d7-458b-97d0-d23c45406f11,2026-09-17T07:38:49Z,learn,true,false,false
618,3f044eca-802a-46db-b48e-f586140a47fa,2026-09-17T07:38:49Z,learn,true,false,false
619,86fc11ff-477a-4cbb-b723-4d93a845de6e,2026-09-17T07:38:49Z,learn,true,false,false
620,8260ca29-ac42-45bd-beaf-d6ec1b187a9e,2026-09-17T07:39:04Z,learn,true,false,false
621,cc6cb1ec-94d8-46ce-9639-73e95be71046,2026-09-17T07:39:04Z,s2r,true,false,false
622,c37d9fd9-c3d7-458b-97d0-d23c45406f11,2026-09-17T07:39:04Z,s2m,true,false,false
623,3f044eca-802a-46db-b48e-f586140a47fa,2026-09-17T07:39:04Z,s2m,true,false,false
624,86fc11ff-477a-4cbb-b723-4d93a845de6e,2026-09-17T07:39:20Z,s2r,true,false,false
625,8260ca29-ac42-45bd-beaf-d6ec1b187a9e,2026-09-17T07:39:20Z,s2r,true,false,false
626,f55ce1dc-0811-4c70-a056-84f583389392,2026-09-17T07:39:25Z,learn,true,false,false
627,f4b3b560-471e-4645-8ae5-4c857690481d,2026-09-17T07:39:39Z,learn,true,false,false
628,37e12c4d-946b-45a2-af45-7e54166ac386,2026-09-17T07:39:39Z,learn,true,false,false
629,f6da4dd6-5127-468f-944d-ceb0b260f5db,2026-09-17T07:39:39Z,learn,true,false,false
630,22196243-80c4-44ff-9236-9e32d0eb4604,2026-09-17T07:39:47Z,learn,true,false,false
631,f55ce1dc-0811-4c70-a056-84f583389392,2026-09-17T07:40:32Z,s2r,true,false,false
632,f4b3b560-471e-4645-8ae5-4c857690481d,2026-09-17T07:40:32Z,s2r,true,false,false
633,37e12c4d-946b-45a2-af45-7e54166ac386,2026-09-17T07:40:32Z,s2r,true,false,false
634,f6da4dd6-5127-468f-944d-ceb0b260f5db,2026-09-17T07:40:32Z,s2r,true,false,false
635,22196243-80c4-44ff-9236-9e32d0eb4604,2026-09-17T07:40:32Z,s2r,true,false,false
636,1d7a3c60-0591-4257-bf76-619570ee870e,2026-09-17T07:40:42Z,learn,true,false,false
637,70f1088f-d685-4f23-841e-cff81ef7a6b4,2026-09-17T07:40:42Z,learn,true,false,false
638,027830cb-29e4-4fd2-a678-6a8747e6c9f8,2026-09-17T07:40:42Z,learn,true,false,false
639,970d04b9-80f7-4dce-b35f-fd1bdeadff6f,2026-09-17T07:40:42Z,learn,true,false,false
640,ad395854-6c18-4385-b5d1-c0da9a83d889,2026-09-17T07:40:42Z,learn,true,false,false
641,1d7a3c60-0591-4257-bf76-619570ee870e,2026-09-17T07:40:51Z,s2m,true,false,false
642,70f1088f-d685-4f23-841e-cff81ef7a6b4,2026-09-17T07:41:18Z,s2r,true,false,false
643,027830cb-29e4-4fd2-a678-6a8747e6c9f8,2026-09-17T07:41:18Z,s2r,true,false,false
644,970d04b9-80f7-4dce-b35f-fd1bdeadff6f,2026-09-17T07:41:18Z,s2r,true,false,false
645,ad395854-6c18-4385-b5d1-c0da9a83d889,2026-09-17T07:41:24Z,s2r,true,false,false
646,ad293ff3-7546-4c1e-8394-dbfb4de6762b,2026-09-17T07:41:24Z,learn,true,false,false
647,ad293ff3-7546-4c1e-8394-dbfb4de6762b,2026-09-17T07:41:24Z,s2r,true,false,false
648,fad41c6a-1e15-40ac-8e9a-a308a5df073f,2026-09-18T01:53:20Z,s2m,true,false,false
649,7a7313ef-ac73-41c9-bc4e-d9ca59f0a425,2026-09-18T01:53:20Z,s2r,true,false,false
650,5f77befc-dfa9-41fc-830a-43e760f70362,2026-09-18T01:53:26Z,s2m,true,false,false
651,8adb3871-17e8-42e8-af5f-6dffbfc16695,2026-09-18T01:53:36Z,s2r,true,false,false
652,378ffa77-1e1b-4eaa-aed8-c11700cd7afa,2026-09-18T01:53:36Z,s2r,true,false,false
653,2e91341d-2870-47e1-b202-854fcbb610b0,2026-09-18T01:53:44Z,s2r,true,false,false
654,773ad73d-4c44-4089-9106-244947f5a61a,2026-09-18T01:53:58Z,s2r,true,false,false
655,ca7784a4-9b54-4136-9f2d-30694bd23769,2026-09-18T01:53:58Z,s2m,true,false,false
656,a72a69f1-6b26-4709-b331-ade1938227e3,2026-09-18T01:53:58Z,s2r,true,false,false
657,95ba74b4-9ad1-4115-9735-c3caa55b9165,2026-09-18T01:53:58Z,r2m,true,false,false
658,6bed5a71-96ca-46e3-aac1-460757b26ab6,2026-09-18T01:53:58Z,s2m,true,false,false
659,6468acfb-6f76-4884-bcb5-52ba519826aa,2026-09-18T01:54:09Z,s2r,true,false,false
660,79dc46a2-b50c-41b9-9a67-cdee05efa47e,2026-09-18T01:54:09Z,s2m,true,false,false
661,226f7c45-6679-406e-a9f0-61745cfe1971,2026-09-18T01:54:19Z,r2m,true,false,false
662,330e4cd9-28f7-4f28-a3c0-be6552e4517f,2026-09-18T01:54:19Z,s2m,true,false,false
663,d9ef8813-28d0-4f3a-a675-52d052797e1c,2026-09-18T01:54:19Z,s2r,true,false,false
664,ab967c75-42ed-4e6f-a578-5790efd01aba,2026-09-18T01:54:19Z,s2m,true,false,false
665,8f5b5f40-77cd-4755-b148-3acefd135857,2026-09-18T01:54:19Z,s2r,true,false,false
666,df847d6a-88b9-4326-8dfa-d3674547da57,2026-09-18T01:57:10Z,s2r,false,false,false
667,f93017c2-05ac-4c05-886c-e0b234e507d4,2026-09-18T01:57:10Z,s2r,true,false,false
668,c3489a7e-98a8-4159-a24d-0abaaad10f21,2026-09-18T01:57:10Z,s2m,true,false,false
669,cc6cb1ec-94d8-46ce-9639-73e95be71046,2026-09-18T01:57:10Z,s2r,true,false,false
670,c37d9fd9-c3d7-458b-97d0-d23c45406f11,2026-09-18T01:57:10Z,s2m,true,false,false
671,86fc11ff-477a-4cbb-b723-4d93a845de6e,2026-09-18T01:57:21Z,s2m,true,false,false
672,df847d6a-88b9-4326-8dfa-d3674547da57,2026-09-18T01:57:21Z,s2r,true,true,false
673,8260ca29-ac42-45bd-beaf-d6ec1b187a9e,2026-09-18T01:57:21Z,s2r,true,false,false
674,24ed7835-941e-4759-b40c-ef085193d59a,2026-09-18T01:57:46Z,s2m,false,false,false
675,5358a0c1-67a6-48a8-a4a0-b679c7914a3a,2026-09-18T01:58:04Z,s2r,false,false,false
676,d8063e97-9d37-40b7-b1ae-93a4f96cd808,2026-09-18T01:58:04Z,s2m,true,false,false
677,e9bd1887-ab30-4514-bfa2-3f3a3c05e29b,2026-09-18T01:58:32Z,s2r,false,false,false
678,e5aa4c55-6cc9-4a54-b378-3bec934b04b5,2026-09-18T01:58:32Z,r2m,true,false,false
679,07b62d95-1883-4989-982f-efa2ea7527f4,2026-09-18T01:58:32Z,s2r,true,false,false
680,24ed7835-941e-4759-b40c-ef085193d59a,2026-09-18T01:58:32Z,s2m,true,true,false
681,5358a0c1-67a6-48a8-a4a0-b679c7914a3a,2026-09-18T01:58:53Z,s2r,true,true,false
682,3f044eca-802a-46db-b48e-f586140a47fa,2026-09-18T01:58:53Z,s2m,true,false,false
683,e9bd1887-ab30-4514-bfa2-3f3a3c05e29b,2026-09-18T01:59:04Z,s2r,true,true,false
684,f55ce1dc-0811-4c70-a056-84f583389392,2026-09-18T01:59:16Z,s2m,false,false,false
685,f4b3b560-471e-4645-8ae5-4c857690481d,2026-09-18T01:59:34Z,s2r,true,false,false
686,37e12c4d-946b-45a2-af45-7e54166ac386,2026-09-18T01:59:40Z,r2m,true,false,false
687,f6da4dd6-5127-468f-944d-ceb0b260f5db,2026-09-18T02:00:27Z,s2r,true,false,false
688,22196243-80c4-44ff-9236-9e32d0eb4604,2026-09-18T02:00:35Z,r2m,true,false,false
689,1d7a3c60-0591-4257-bf76-619570ee870e,2026-09-18T02:00:35Z,s2m,true,false,false
690,f55ce1dc-0811-4c70-a056-84f583389392,2026-09-18T02:02:04Z,s2m,true,true,false
691,70f1088f-d685-4f23-841e-cff81ef7a6b4,2026-09-18T04:12:01Z,s2m,false,false,false
692,027830cb-29e4-4fd2-a678-6a8747e6c9f8,2026-09-18T04:12:01Z,s2r,true,false,false
693,970d04b9-80f7-4dce-b35f-fd1bdeadff6f,2026-09-18T04:12:01Z,s2m,true,false,false
694,ad395854-6c18-4385-b5d1-c0da9a83d889,2026-09-18T04:13:56Z,s2m,false,false,false
695,ad293ff3-7546-4c1e-8394-dbfb4de6762b,2026-09-18T04:13:56Z,s2r,true,false,false
696,1ba4ad25-8280-4165-9ea1-cc687426feea,2026-09-18T04:13:56Z,s2r,true,false,false
697,70f1088f-d685-4f23-841e-cff81ef7a6b4,2026-09-18T04:14:08Z,s2m,true,true,false
698,52bb021f-4502-4a37-9f32-dcaec883eb33,2026-09-18T04:14:08Z,s2r,true,false,false
699,6c6777c5-0692-444b-a364-ac58f17192a0,2026-09-18T04:14:14Z,s2r,false,false,false
700,ad395854-6c18-4385-b5d1-c0da9a83d889,2026-09-18T04:14:49Z,s2m,true,true,false
701,400b9a00-99eb-4a2f-bb90-62beb85f03c6,2026-09-18T04:15:02Z,s2m,true,false,false
702,235e4ea8-9e01-45d8-85be-ae2b0e5cd871,2026-09-18T04:15:13Z,s2r,true,false,false
703,200ed9bf-0105-481c-85b5-4cf0f8a0728c,2026-09-18T04:15:13Z,s2r,true,false,false
704,cd88c1af-4c3b-4fb1-9fbf-e271d19f780d,2026-09-18T04:15:13Z,s2r,true,false,false
705,6c6777c5-0692-444b-a364-ac58f17192a0,2026-09-18T04:15:13Z,s2r,true,true,false
706,b0d7fee1-5895-472b-93b1-e4a978fedc2b,2026-09-18T04:15:13Z,s2r,true,false,false
707,b0baccec-8296-4fa7-8266-9d39e71de037,2026-09-18T04:15:25Z,s2r,true,false,false
708,faa9598a-d0c1-49fd-b742-fcc6b93330fb,2026-09-18T04:15:25Z,r2m,true,false,false
709,c9b674f4-9972-4ec7-91ac-4880894b3ecd,2026-09-18T04:15:25Z,s2r,true,false,false
710,dfe1d229-47c0-4fb3-b3fe-33bfd1be06ba,2026-09-18T04:15:25Z,s2m,true,false,false
711,ddccff4b-eac2-4a93-a249-1f216c13f079,2026-09-18T04:15:25Z,s2m,true,false,false
712,2df797d5-ea40-4f27-8dee-6eab650047f8,2026-09-18T04:15:34Z,s2m,true,false,false
713,4c1684c3-9e32-4b8c-82b4-87a4a9354def,2026-09-18T04:15:34Z,s2m,true,false,false
714,9b8f150a-d405-4286-b4f7-ae9c4e0bb970,2026-09-18T04:15:59Z,s2r,false,false,false
715,175c17a0-e5a5-4fc7-b5e5-bbfbc4f7e34e,2026-09-18T04:16:08Z,r2m,true,false,false
716,c480ef20-529f-4e97-a386-06cd58c2c32d,2026-09-18T04:16:08Z,s2r,true,false,false
717,a8acc782-976d-4dbd-a5c0-897e4a34b0c3,2026-09-18T04:16:16Z,r2m,true,false,false
718,cb6f6f56-4598-414d-82ba-e4a7fe28cdf0,2026-09-18T04:16:28Z,s2r,false,false,false
719,badc2cf3-fa24-4eab-bd20-88d76424a872,2026-09-18T04:16:28Z,s2r,true,false,false
720,9b8f150a-d405-4286-b4f7-ae9c4e0bb970,2026-09-18T04:16:28Z,s2r,true,true,false
721,fe42fe57-56c2-4006-98e5-4a5d974cf5fd,2026-09-18T04:16:28Z,s2m,true,false,false
722,3f96236f-c3d2-4ecb-9fb3-bad41035320b,2026-09-18T04:16:28Z,s2r,true,false,false
723,36d3cba6-8cf6-4cd4-b717-877220589d2a,2026-09-18T04:16:42Z,r2m,true,false,false
724,cb6f6f56-4598-414d-82ba-e4a7fe28cdf0,2026-09-18T04:16:42Z,s2r,true,true,false
725,c1f54570-78fb-4fe4-98a7-2cf50c2d5f86,2026-09-18T04:16:42Z,s2m,true,false,false
726,46339cc8-65db-4452-b960-c657d13613a1,2026-09-18T04:16:42Z,s2r,true,false,false
727,ce91d2c3-e787-4b4b-8261-963ee69bff31,2026-09-18T04:16:42Z,s2m,true,false,false
728,d2564a6d-01b0-4230-ab32-116a90c7585e,2026-09-18T04:17:09Z,s2r,false,false,false
729,3e88ff10-90a8-4859-8531-6009454925f2,2026-09-18T04:17:09Z,s2r,true,false,false
730,aeedf882-6fc1-42ed-ac5a-e905239497f0,2026-09-18T04:17:09Z,s2m,true,false,false
731,0698c951-c9d2-4533-852b-eac8f4c84061,2026-09-18T04:17:09Z,s2m,true,false,false
732,14e08f81-a0c7-45c8-8463-d4623d5c59d1,2026-09-18T04:17:09Z,s2m,true,false,false
733,d2564a6d-01b0-4230-ab32-116a90c7585e,2026-09-18T04:17:27Z,s2r,false,true,false
734,d2564a6d-01b0-4230-ab32-116a90c7585e,2026-09-18T04:17:27Z,s2r,true,true,false
735,6c6777c5-0692-444b-a364-ac58f17192a0,2026-09-20T14:37:42Z,s2r,true,false,false
736,24ed7835-941e-4759-b40c-ef085193d59a,2026-09-20T14:37:51Z,s2m,true,false,false
737,5358a0c1-67a6-48a8-a4a0-b679c7914a3a,2026-09-20T23:53:10Z,s2r,false,false,false
738,f55ce1dc-0811-4c70-a056-84f583389392,2026-09-20T23:53:25Z,s2m,false,false,false
739,e9bd1887-ab30-4514-bfa2-3f3a3c05e29b,2026-09-20T23:53:25Z,s2r,true,false,false
740,df847d6a-88b9-4326-8dfa-d3674547da57,2026-09-20T23:53:46Z,s2r,false,false,false
741,ad395854-6c18-4385-b5d1-c0da9a83d889,2026-09-20T23:54:12Z,s2m,false,false,false
742,70f1088f-d685-4f23-841e-cff81ef7a6b4,2026-09-20T23:54:29Z,s2m,false,false,false
743,5358a0c1-67a6-48a8-a4a0-b679c7914a3a,2026-09-20T23:54:29Z,s2r,true,true,false
744,f55ce1dc-0811-4c70-a056-84f583389392,2026-09-20T23:55:39Z,s2m,false,true,false
745,9b8f150a-d405-4286-b4f7-ae9c4e0bb970,2026-09-20T23:56:57Z,s2r,false,false,false
746,df847d6a-88b9-4326-8dfa-d3674547da57,2026-09-20T23:57:09Z,s2r,false,true,false
747,ad395854-6c18-4385-b5d1-c0da9a83d889,2026-09-20T23:57:22Z,s2m,false,true,false
748,70f1088f-d685-4f23-841e-cff81ef7a6b4,2026-09-20T23:57:22Z,s2m,true,true,false
749,cb6f6f56-4598-414d-82ba-e4a7fe28cdf0,2026-09-20T23:57:22Z,s2r,true,false,false
750,f55ce1dc-0811-4c70-a056-84f583389392,2026-09-20T23:57:31Z,s2m,true,true,false
751,9b8f150a-d405-4286-b4f7-ae9c4e0bb970,2026-09-20T23:57:31Z,s2r,true,true,false
752,df847d6a-88b9-4326-8dfa-d3674547da57,2026-09-20T23:57:42Z,s2r,true,true,false
753,ad395854-6c18-4385-b5d1-c0da9a83d889,2026-09-20T23:57:42Z,s2m,true,true,false
754,d2564a6d-01b0-4230-ab32-116a90c7585e,2026-09-20T23:59:20Z,s2r,false,false,false
755,1c552d1b-1346-4f6d-80fd-0e494ecea4ac,2026-09-21T00:12:51Z,s2m,false,false,false
756,5f77befc-dfa9-41fc-830a-43e760f70362,2026-09-21T00:13:13Z,s2r,false,false,false
757,1ed6f570-f305-496e-8f22-4271a93f7b11,2026-09-21T00:13:13Z,s2r,true,false,false
758,24d35509-fa06-4acc-90a5-d3e35aa56202,2026-09-21T00:13:13Z,s2r,true,false,false
759,4d011289-80b0-4aa5-b15d-96c11699ec51,2026-09-21T00:13:13Z,r2m,true,false,false
760,d2564a6d-01b0-4230-ab32-116a90c7585e,2026-09-21T00:13:13Z,s2r,true,true,false
761,1c552d1b-1346-4f6d-80fd-0e494ecea4ac,2026-09-21T00:13:26Z,s2m,true,true,false
762,5f77befc-dfa9-41fc-830a-43e760f70362,2026-09-21T00:13:26Z,s2r,true,true,false
763,a9cc6e20-46ab-4d5b-9e2d-298ef32f102a,2026-09-21T00:13:36Z,s2r,true,false,false
764,d518a4ba-aa27-4ce6-8330-13ecacfe7057,2026-09-21T00:13:46Z,s2r,true,false,false
765,331c5024-3375-4413-b0d7-a90b724401f4,2026-09-21T00:13:46Z,s2r,true,false,false
766,b367a886-bb4a-4e28-8f39-cf07769419e4,2026-09-21T00:13:46Z,s2r,true,false,false
767,2abbdd7e-f4b3-4e71-b37e-bf3b7c3e7e5f,2026-09-21T00:13:46Z,s2m,true,false,false
768,74b2a4d9-1b34-4875-a80a-cbbbd5ce9ac6,2026-09-21T00:13:46Z,s2r,true,false,false
769,3b6b9bfd-c321-4d64-96ab-d8a43923ef8c,2026-09-21T00:14:13Z,r2m,true,false,false
770,4a5e2838-a5e8-475b-89b5-22bdda1913fa,2026-09-21T00:14:20Z,s2r,true,false,false
771,d0dbc745-6540-438f-ad5e-a9584cf67bb0,2026-09-21T00:15:15Z,s2m,false,false,false
772,fae3e19b-9edb-45c7-a09e-08ff546f57a8,2026-09-21T00:15:39Z,s2r,false,false,false
773,49dcaefd-7255-4f5e-a7a5-932064bca464,2026-09-21T00:15:39Z,s2r,true,false,false
774,f765fe72-69d2-4135-a390-13b4ef26323c,2026-09-21T00:15:39Z,s2r,true,false,false
775,79fcb687-27b8-4571-84d4-d49c2aec487d,2026-09-21T00:16:29Z,s2m,false,false,false
776,9a8196f0-605c-4d5d-82da-6688980d802c,2026-09-21T00:16:48Z,s2r,false,false,false
777,d0dbc745-6540-438f-ad5e-a9584cf67bb0,2026-09-21T00:18:30Z,s2m,false,true,false
778,fae3e19b-9edb-45c7-a09e-08ff546f57a8,2026-09-21T00:18:30Z,s2r,true,true,false
779,cfd2213c-95a0-4814-ab60-7c9fc70ac288,2026-09-21T00:18:36Z,s2m,true,false,false
780,408cf9a7-452f-4520-9b6b-73f452235553,2026-09-21T00:18:46Z,s2m,false,false,false
781,79fcb687-27b8-4571-84d4-d49c2aec487d,2026-09-21T00:18:56Z,s2m,false,true,false
782,9a8196f0-605c-4d5d-82da-6688980d802c,2026-09-21T00:18:56Z,s2r,true,true,false
783,d0dbc745-6540-438f-ad5e-a9584cf67bb0,2026-09-21T00:19:01Z,s2m,true,true,false
784,efd037fd-bb72-48e8-9e52-1465d4766a9e,2026-09-21T00:19:07Z,s2r,false,false,false
785,45c85de0-5aff-4a3a-9bed-e94ab9db6b79,2026-09-21T00:19:12Z,r2m,true,false,false
786,408cf9a7-452f-4520-9b6b-73f452235553,2026-09-21T00:19:26Z,s2m,true,true,false
787,79fcb687-27b8-4571-84d4-d49c2aec487d,2026-09-21T00:19:39Z,s2m,true,true,false
788,1cf7d3bd-0ff4-4c44-8332-8e0259e6d8bb,2026-09-21T00:19:49Z,s2r,false,false,false
789,78467ca7-61a6-4b7f-8a5e-c99cc75aed3c,2026-09-21T00:19:49Z,s2m,true,false,false
790,efd037fd-bb72-48e8-9e52-1465d4766a9e,2026-09-21T00:20:00Z,s2r,false,true,false
791,9ef9cf52-2584-4b06-b43c-4e407dacb854,2026-09-21T00:20:00Z,s2m,true,false,false
792,df114fac-1c22-449c-86ed-dc7e55e69400,2026-09-21T00:20:18Z,s2r,false,false,false
793,3733c6f6-af97-4fb9-a9d0-3bbafde5ee0c,2026-09-21T00:20:32Z,s2r,false,false,false
794,1cf7d3bd-0ff4-4c44-8332-8e0259e6d8bb,2026-09-21T00:20:32Z,s2r,true,true,false
795,edfd4f38-a2df-4cd6-a850-5c3324045d50,2026-09-21T00:20:41Z,s2r,true,false,false
796,efd037fd-bb72-48e8-9e52-1465d4766a9e,2026-09-21T00:21:37Z,s2r,false,true,false
797,f45e2983-d936-4269-95d4-c2cef6e6988f,2026-09-21T00:21:46Z,s2r,false,false,false
798,df114fac-1c22-449c-86ed-dc7e55e69400,2026-09-21T00:21:46Z,s2r,true,true,false
799,3733c6f6-af97-4fb9-a9d0-3bbafde5ee0c,2026-09-21T00:22:06Z,s2r,true,true,false
800,0a57d0ab-f712-4b18-b268-eb8b3e05529f,2026-09-21T00:22:06Z,s2r,true,false,false
801,a86429c3-f18e-4dcd-b280-99cce2ba3567,2026-09-21T00:22:06Z,s2r,false,false,false
802,efd037fd-bb72-48e8-9e52-1465d4766a9e,2026-09-21T00:22:06Z,s2r,true,true,false
803,f45e2983-d936-4269-95d4-c2cef6e6988f,2026-09-21T00:22:13Z,s2r,false,true,false
804,28fa45ae-0fb8-4bbe-b4dc-e57ea356d43b,2026-09-21T00:22:22Z,s2m,true,false,false
805,cca46c98-20d4-4204-8179-179a38ffce6e,2026-09-21T00:22:28Z,s2m,true,false,false
806,4b311383-78f9-493d-98b8-fb978c2cdba3,2026-09-21T00:22:38Z,s2m,true,false,false
807,a86429c3-f18e-4dcd-b280-99cce2ba3567,2026-09-21T00:22:53Z,s2r,true,true,false
808,c5b7db25-ae9e-4d83-94a8-88af78d3fb27,2026-09-21T00:22:53Z,s2r,true,false,false
809,f45e2983-d936-4269-95d4-c2cef6e6988f,2026-09-21T00:22:53Z,s2r,true,true,false
810,a64949d7-d462-4eec-b6f5-0b2062241abb,2026-09-21T00:22:53Z,s2m,true,false,false
811,be8bb945-08cc-457f-b903-6897f2f19adc,2026-09-21T00:22:53Z,s2m,true,false,false
812,d71352be-4849-4a8a-bb2b-5d13737e79ef,2026-09-21T00:23:02Z,s2r,true,false,false
813,7ecceb08-c043-45a9-b5dd-0aa66a40b6a3,2026-09-21T00:23:24Z,s2r,false,false,false
814,86bc14f7-f7ea-4080-9e47-bed6e71c1754,2026-09-21T00:23:24Z,s2m,true,false,false
815,f62cfb7d-c293-4bcb-93d2-685d747aa351,2026-09-21T00:23:24Z,s2r,true,false,false
816,08373eee-a54e-4a0a-8f13-110376ed7232,2026-09-21T00:23:53Z,s2r,false,false,false
817,9fb3d078-1b97-476a-9f27-cd01245d6d24,2026-09-21T00:24:00Z,s2r,false,false,false
818,f087f28d-daa8-4f0a-9ce8-b473537c5e27,2026-09-21T00:24:15Z,s2m,false,false,false
819,7ecceb08-c043-45a9-b5dd-0aa66a40b6a3,2026-09-21T00:24:28Z,s2r,false,true,false
820,175878ca-75ee-4d9d-8ef0-656fb172dc2c,2026-09-21T00:24:41Z,s2r,true,false,false
821,bfb4bf85-6818-475f-9202-0c3011f6b4b3,2026-09-21T00:24:41Z,r2m,true,false,false
822,08373eee-a54e-4a0a-8f13-110376ed7232,2026-09-21T00:24:51Z,s2r,true,true,false
823,9fb3d078-1b97-476a-9f27-cd01245d6d24,2026-09-21T00:24:51Z,s2r,true,true,false
824,f087f28d-daa8-4f0a-9ce8-b473537c5e27,2026-09-21T00:25:20Z,s2m,true,true,false
825,7ecceb08-c043-45a9-b5dd-0aa66a40b6a3,2026-09-21T00:25:20Z,s2r,true,true,false
826,ffc1b609-b4b9-4859-ae81-48c5367cf9e6,2026-09-21T00:25:31Z,s2r,false,false,false
827,98d2469c-fc46-40aa-9c4e-713224552b2b,2026-09-21T00:25:43Z,s2r,true,false,false
828,cade6539-68ae-450f-a1ed-1be8ab04979c,2026-09-21T00:25:43Z,s2r,true,false,false
829,c6c4dd31-d168-419b-8b3e-8cfda809f97f,2026-09-21T00:25:43Z,s2m,false,false,false
830,287ada00-c554-42ee-a8c6-a26a86af57ed,2026-09-21T00:26:12Z,s2m,false,false,false
831,4a81df6f-a67f-4752-9b1a-e559608836ba,2026-09-21T00:26:31Z,s2r,true,false,false
832,ffc1b609-b4b9-4859-ae81-48c5367cf9e6,2026-09-21T00:26:31Z,s2r,true,true,false
833,cdd050a5-c256-48ee-9d6f-4ccff36d718b,2026-09-21T00:26:31Z,r2m,true,false,false
834,24eba4dc-44bb-4343-bb63-566d33837b5f,2026-09-21T00:26:51Z,s2r,false,false,false
835,c6c4dd31-d168-419b-8b3e-8cfda809f97f,2026-09-21T00:26:51Z,s2m,true,true,false
836,287ada00-c554-42ee-a8c6-a26a86af57ed,2026-09-21T00:26:51Z,s2m,true,true,false
837,0874f34a-be77-4aa7-a014-3c31b6211155,2026-09-21T00:26:51Z,r2m,true,false,false
838,4a2e0b19-847a-485f-88ff-a0ff19144a85,2026-09-21T00:26:51Z,s2r,true,false,false
839,a79c9835-df3b-4342-92f1-2b4a738d2e32,2026-09-21T00:27:13Z,r2m,true,false,false
840,24eba4dc-44bb-4343-bb63-566d33837b5f,2026-09-21T00:27:51Z,s2r,true,true,false
841,016e74ed-9ac2-4a34-972b-ae66e54e36f9,2026-09-21T00:27:56Z,s2r,true,false,false
842,c6bc1adc-b677-4fbb-a809-6221fb0b30fd,2026-09-21T00:28:12Z,s2m,false,false,false
843,7e30e6d8-5da9-4727-bb20-07fc5a65033a,2026-09-21T00:28:21Z,s2r,false,false,false
844,fa29503b-11ef-4974-8b71-f878864481f0,2026-09-21T00:28:21Z,s2r,true,false,false
845,90d08a71-c808-47ca-88e8-27820bace740,2026-09-21T00:28:31Z,s2r,true,false,false
846,19ae616a-779b-470e-b564-92e374673fb3,2026-09-21T00:28:31Z,r2m,false,false,false
847,67614dcc-6eb7-4e00-9938-cb6dfe634933,2026-09-21T00:28:43Z,s2r,true,false,false
848,c6bc1adc-b677-4fbb-a809-6221fb0b30fd,2026-09-21T00:28:43Z,s2m,true,true,false
849,7e30e6d8-5da9-4727-bb20-07fc5a65033a,2026-09-21T00:28:43Z,s2r,true,true,false
850,23570e3b-9a24-49a0-a39a-dce8243f35e0,2026-09-21T00:29:09Z,s2r,false,false,false
851,f866e10a-ffda-47e4-acb9-c947f5551100,2026-09-21T00:29:20Z,s2m,true,false,false
852,19ae616a-779b-470e-b564-92e374673fb3,2026-09-21T00:29:20Z,r2m,true,true,false
853,426a5f0a-3e77-4c4d-ae7e-eb3e71f88fd5,2026-09-21T00:29:32Z,s2r,true,false,false
854,3340b3e2-4bb5-4630-81bd-b643570b00cf,2026-09-21T00:29:32Z,s2r,true,false,false
855,503819fb-b02e-46fa-9cfa-c8eab5390d30,2026-09-21T00:29:48Z,s2r,false,false,false
856,23570e3b-9a24-49a0-a39a-dce8243f35e0,2026-09-21T00:29:48Z,s2r,true,true,false
857,4ae96aff-ec06-4adb-abdb-bb97afa81766,2026-09-21T00:29:48Z,s2m,true,false,false
858,5b9280c3-aea3-4c8b-8f35-a2d56484fadb,2026-09-21T00:30:08Z,s2r,true,false,false
859,db110547-5c5d-47d4-b473-6d4c144a8568,2026-09-21T00:30:16Z,s2r,true,false,false
860,45f70b5d-b78e-4a22-9041-2c89be0b8c7a,2026-09-21T00:30:24Z,s2m,false,false,false
861,503819fb-b02e-46fa-9cfa-c8eab5390d30,2026-09-21T00:30:31Z,s2r,true,true,false
862,d2e96b37-73de-4df6-aa3f-a71ee6260bed,2026-09-21T00:30:31Z,s2m,true,false,false
863,d4bca20c-f1fb-4726-ba84-9e2d62e5ff0d,2026-09-21T00:30:31Z,s2m,true,false,false
864,69f13611-c575-4aad-bdf3-59edff4a971d,2026-09-21T00:30:31Z,s2m,true,false,false
865,fbcc219c-adbe-4378-b12e-b35c493b4f8a,2026-09-21T00:30:31Z,s2m,true,false,false
866,45f70b5d-b78e-4a22-9041-2c89be0b8c7a,2026-09-21T00:30:54Z,s2m,false,true,false
867,5381da40-32cc-4f6b-a9c3-e0f89c6d44dc,2026-09-21T00:31:03Z,s2r,true,false,false
868,db1d7c6d-7c15-42a5-8f49-c8b562353157,2026-09-21T00:32:09Z,s2m,false,false,false
869,9c515bd6-5f43-4245-a60c-45ee317cadd4,2026-09-21T00:32:26Z,s2r,false,false,false
870,f5932f68-2285-4e8c-a731-e6d1daa690d4,2026-09-21T00:32:41Z,s2r,false,false,false
871,ad293ff3-7546-4c1e-8394-dbfb4de6762b,2026-09-21T00:32:47Z,s2r,false,false,false
872,45f70b5d-b78e-4a22-9041-2c89be0b8c7a,2026-09-21T00:33:06Z,s2m,true,true,false
873,6468acfb-6f76-4884-bcb5-52ba519826aa,2026-09-21T00:33:19Z,s2r,false,false,false
874,db1d7c6d-7c15-42a5-8f49-c8b562353157,2026-09-21T00:34:15Z,s2m,false,true,false
875,9c515bd6-5f43-4245-a60c-45ee317cadd4,2026-09-21T00:34:15Z,s2r,true,true,false
876,f5932f68-2285-4e8c-a731-e6d1daa690d4,2026-09-21T00:34:15Z,s2r,true,true,false
877,ad293ff3-7546-4c1e-8394-dbfb4de6762b,2026-09-21T00:34:15Z,s2r,true,true,false
878,79dc46a2-b50c-41b9-9a67-cdee05efa47e,2026-09-21T00:34:15Z,r2m,true,false,false
879,6468acfb-6f76-4884-bcb5-52ba519826aa,2026-09-21T00:34:23Z,s2r,true,true,false
880,db1d7c6d-7c15-42a5-8f49-c8b562353157,2026-09-21T00:34:46Z,s2m,false,true,false
881,226f7c45-6679-406e-a9f0-61745cfe1971,2026-09-21T00:35:18Z,s2r,false,false,false
882,330e4cd9-28f7-4f28-a3c0-be6552e4517f,2026-09-21T00:35:28Z,s2m,true,false,false
883,d9ef8813-28d0-4f3a-a675-52d052797e1c,2026-09-21T00:35:28Z,s2m,true,false,false
884,ab967c75-42ed-4e6f-a578-5790efd01aba,2026-09-21T00:35:28Z,s2r,true,false,false
885,8f5b5f40-77cd-4755-b148-3acefd135857,2026-09-21T00:35:36Z,s2r,false,false,false
886,db1d7c6d-7c15-42a5-8f49-c8b562353157,2026-09-21T00:35:36Z,s2m,true,true,false
887,226f7c45-6679-406e-a9f0-61745cfe1971,2026-09-21T00:35:41Z,s2r,true,true,false
888,773ad73d-4c44-4089-9106-244947f5a61a,2026-09-21T00:36:08Z,s2r,false,false,false
889,f93017c2-05ac-4c05-886c-e0b234e507d4,2026-09-21T00:36:21Z,r2m,true,false,false
890,c3489a7e-98a8-4159-a24d-0abaaad10f21,2026-09-21T00:36:21Z,r2m,true,false,false
891,8f5b5f40-77cd-4755-b148-3acefd135857,2026-09-21T00:36:29Z,s2r,true,true,false
892,ca7784a4-9b54-4136-9f2d-30694bd23769,2026-09-21T00:36:36Z,s2r,true,false,false
893,a72a69f1-6b26-4709-b331-ade1938227e3,2026-09-21T00:36:43Z,r2m,true,false,false
894,773ad73d-4c44-4089-9106-244947f5a61a,2026-09-21T00:37:19Z,s2r,false,true,false
895,cc6cb1ec-94d8-46ce-9639-73e95be71046,2026-09-21T00:37:40Z,s2m,false,false,false
896,c37d9fd9-c3d7-458b-97d0-d23c45406f11,2026-09-21T00:37:40Z,s2m,true,false,false
897,86fc11ff-477a-4cbb-b723-4d93a845de6e,2026-09-21T00:37:40Z,s2r,true,false,false
898,8260ca29-ac42-45bd-beaf-d6ec1b187a9e,2026-09-21T00:37:46Z,s2r,true,false,false
899,d8063e97-9d37-40b7-b1ae-93a4f96cd808,2026-09-21T00:38:44Z,r2m,true,false,false
900,773ad73d-4c44-4089-9106-244947f5a61a,2026-09-21T00:38:51Z,s2r,true,true,false
901,cc6cb1ec-94d8-46ce-9639-73e95be71046,2026-09-21T00:38:57Z,s2m,true,true,false
902,2e91341d-2870-47e1-b202-854fcbb610b0,2026-09-21T00:39:12Z,s2r,true,false,false
903,e5aa4c55-6cc9-4a54-b378-3bec934b04b5,2026-09-21T00:39:49Z,s2r,false,false,false
904,07b62d95-1883-4989-982f-efa2ea7527f4,2026-09-21T00:39:49Z,r2m,true,false,false
905,3f044eca-802a-46db-b48e-f586140a47fa,2026-09-21T00:39:49Z,s2m,true,false,false
906,378ffa77-1e1b-4eaa-aed8-c11700cd7afa,2026-09-21T00:40:03Z,s2r,true,false,false
907,f4b3b560-471e-4645-8ae5-4c857690481d,2026-09-21T00:40:28Z,r2m,false,false,false
908,37e12c4d-946b-45a2-af45-7e54166ac386,2026-09-21T00:40:28Z,s2m,true,false,false
909,e5aa4c55-6cc9-4a54-b378-3bec934b04b5,2026-09-21T00:40:28Z,s2r,true,true,false
910,f6da4dd6-5127-468f-944d-ceb0b260f5db,2026-09-21T00:40:55Z,s2m,false,false,false
911,22196243-80c4-44ff-9236-9e32d0eb4604,2026-09-21T00:41:03Z,s2m,true,false,false
912,1d7a3c60-0591-4257-bf76-619570ee870e,2026-09-21T00:41:03Z,s2m,true,false,false
913,f4b3b560-471e-4645-8ae5-4c857690481d,2026-09-21T00:41:24Z,r2m,true,true,false
914,fad41c6a-1e15-40ac-8e9a-a308a5df073f,2026-09-21T00:41:33Z,s2m,true,false,false
915,7a7313ef-ac73-41c9-bc4e-d9ca59f0a425,2026-09-21T00:42:55Z,s2r,false,false,false
916,f6da4dd6-5127-468f-944d-ceb0b260f5db,2026-09-21T00:42:55Z,s2m,true,true,false
917,95ba74b4-9ad1-4115-9735-c3caa55b9165,2026-09-21T00:42:55Z,s2r,true,false,false
918,6bed5a71-96ca-46e3-aac1-460757b26ab6,2026-09-21T00:43:46Z,s2r,true,false,false
919,8adb3871-17e8-42e8-af5f-6dffbfc16695,2026-09-21T00:44:53Z,s2m,false,false,false
920,027830cb-29e4-4fd2-a678-6a8747e6c9f8,2026-09-21T00:44:53Z,r2m,true,false,false
921,7a7313ef-ac73-41c9-bc4e-d9ca59f0a425,2026-09-21T00:49:12Z,s2r,true,true,false
922,970d04b9-80f7-4dce-b35f-fd1bdeadff6f,2026-09-21T00:49:27Z,s2m,true,false,false
923,8adb3871-17e8-42e8-af5f-6dffbfc16695,2026-09-21T00:49:36Z,s2m,true,true,false
924,9b8f150a-d405-4286-b4f7-ae9c4e0bb970,2026-09-22T00:09:56Z,s2r,false,false,false
925,d2564a6d-01b0-4230-ab32-116a90c7585e,2026-09-22T00:10:14Z,s2r,true,false,false
926,fae3e19b-9edb-45c7-a09e-08ff546f57a8,2026-09-22T00:10:14Z,s2r,true,false,false
927,1cf7d3bd-0ff4-4c44-8332-8e0259e6d8bb,2026-09-22T00:14:17Z,s2r,false,false,false
928,df114fac-1c22-449c-86ed-dc7e55e69400,2026-09-22T00:14:17Z,s2r,true,false,false
929,3733c6f6-af97-4fb9-a9d0-3bbafde5ee0c,2026-09-22T00:14:17Z,s2r,true,false,false
930,9b8f150a-d405-4286-b4f7-ae9c4e0bb970,2026-09-22T00:14:17Z,s2r,true,true,false
931,f45e2983-d936-4269-95d4-c2cef6e6988f,2026-09-22T00:14:17Z,s2r,true,false,false
932,a86429c3-f18e-4dcd-b280-99cce2ba3567,2026-09-22T00:14:49Z,s2r,false,false,false
933,1cf7d3bd-0ff4-4c44-8332-8e0259e6d8bb,2026-09-22T00:14:49Z,s2r,true,true,false
934,8adb3871-17e8-42e8-af5f-6dffbfc16695,2026-09-22T00:14:49Z,s2m,true,false,false
935,1c552d1b-1346-4f6d-80fd-0e494ecea4ac,2026-09-22T00:14:55Z,s2m,true,false,false
936,5f77befc-dfa9-41fc-830a-43e760f70362,2026-09-22T00:15:05Z,s2r,true,false,false
937,d0dbc745-6540-438f-ad5e-a9584cf67bb0,2026-09-22T00:15:14Z,s2m,false,false,false
938,a86429c3-f18e-4dcd-b280-99cce2ba3567,2026-09-22T00:18:33Z,s2r,true,true,false
939,79fcb687-27b8-4571-84d4-d49c2aec487d,2026-09-22T00:19:00Z,s2m,false,false,false
940,9a8196f0-605c-4d5d-82da-6688980d802c,2026-09-22T00:19:00Z,s2r,true,false,false
941,7ecceb08-c043-45a9-b5dd-0aa66a40b6a3,2026-09-22T00:19:12Z,s2r,false,false,false
942,08373eee-a54e-4a0a-8f13-110376ed7232,2026-09-22T00:19:12Z,s2r,true,false,false
943,d0dbc745-6540-438f-ad5e-a9584cf67bb0,2026-09-22T00:19:20Z,s2m,true,true,false
944,408cf9a7-452f-4520-9b6b-73f452235553,2026-09-22T00:19:37Z,s2m,true,false,false
945,79fcb687-27b8-4571-84d4-d49c2aec487d,2026-09-22T00:19:47Z,s2m,false,true,false
946,efd037fd-bb72-48e8-9e52-1465d4766a9e,2026-09-22T00:19:58Z,s2r,false,false,false
947,7ecceb08-c043-45a9-b5dd-0aa66a40b6a3,2026-09-22T00:20:55Z,s2r,true,true,false
948,9fb3d078-1b97-476a-9f27-cd01245d6d24,2026-09-22T00:21:04Z,s2r,false,false,false
949,ffc1b609-b4b9-4859-ae81-48c5367cf9e6,2026-09-22T00:21:04Z,s2r,true,false,false
950,c6c4dd31-d168-419b-8b3e-8cfda809f97f,2026-09-22T00:21:18Z,s2m,true,false,false
951,79fcb687-27b8-4571-84d4-d49c2aec487d,2026-09-22T00:21:24Z,s2m,true,true,false
952,efd037fd-bb72-48e8-9e52-1465d4766a9e,2026-09-22T00:21:37Z,s2r,false,true,false
953,f087f28d-daa8-4f0a-9ce8-b473537c5e27,2026-09-22T00:21:52Z,s2m,true,false,false
954,9fb3d078-1b97-476a-9f27-cd01245d6d24,2026-09-22T00:21:52Z,s2r,true,true,false
955,287ada00-c554-42ee-a8c6-a26a86af57ed,2026-09-22T00:21:52Z,s2m,true,false,false
956,5358a0c1-67a6-48a8-a4a0-b679c7914a3a,2026-09-22T00:22:01Z,s2r,true,false,false
957,df847d6a-88b9-4326-8dfa-d3674547da57,2026-09-22T00:22:13Z,s2r,false,false,false
958,efd037fd-bb72-48e8-9e52-1465d4766a9e,2026-09-22T00:22:24Z,s2r,false,true,false
959,24eba4dc-44bb-4343-bb63-566d33837b5f,2026-09-22T00:22:40Z,s2r,false,false,false
960,c6bc1adc-b677-4fbb-a809-6221fb0b30fd,2026-09-22T00:22:40Z,s2m,true,false,false
961,7e30e6d8-5da9-4727-bb20-07fc5a65033a,2026-09-22T00:22:40Z,s2r,true,false,false
962,19ae616a-779b-470e-b564-92e374673fb3,2026-09-22T00:22:52Z,r2m,false,false,false
963,df847d6a-88b9-4326-8dfa-d3674547da57,2026-09-22T00:23:33Z,s2r,false,true,false
964,efd037fd-bb72-48e8-9e52-1465d4766a9e,2026-09-22T00:23:47Z,s2r,true,true,false
965,24eba4dc-44bb-4343-bb63-566d33837b5f,2026-09-22T00:23:47Z,s2r,true,true,false
966,23570e3b-9a24-49a0-a39a-dce8243f35e0,2026-09-22T00:24:10Z,s2r,true,false,false
967,503819fb-b02e-46fa-9cfa-c8eab5390d30,2026-09-22T00:24:10Z,s2r,true,false,false
968,19ae616a-779b-470e-b564-92e374673fb3,2026-09-22T00:24:10Z,r2m,true,true,false
969,df847d6a-88b9-4326-8dfa-d3674547da57,2026-09-22T00:24:21Z,s2r,true,true,false
970,45f70b5d-b78e-4a22-9041-2c89be0b8c7a,2026-09-22T00:24:34Z,s2m,true,false,false
971,db1d7c6d-7c15-42a5-8f49-c8b562353157,2026-09-22T00:24:54Z,s2m,false,false,false
972,9c515bd6-5f43-4245-a60c-45ee317cadd4,2026-09-22T00:25:18Z,s2r,false,false,false
973,f5932f68-2285-4e8c-a731-e6d1daa690d4,2026-09-22T00:25:42Z,s2r,false,false,false
974,6468acfb-6f76-4884-bcb5-52ba519826aa,2026-09-22T00:26:04Z,s2r,true,false,false
975,226f7c45-6679-406e-a9f0-61745cfe1971,2026-09-22T00:26:12Z,s2r,true,false,false
976,8f5b5f40-77cd-4755-b148-3acefd135857,2026-09-22T00:26:12Z,s2r,true,false,false
977,db1d7c6d-7c15-42a5-8f49-c8b562353157,2026-09-22T00:26:20Z,s2m,true,true,false
978,9c515bd6-5f43-4245-a60c-45ee317cadd4,2026-09-22T00:26:30Z,s2r,true,true,false
979,f5932f68-2285-4e8c-a731-e6d1daa690d4,2026-09-22T00:26:30Z,s2r,true,true,false
980,773ad73d-4c44-4089-9106-244947f5a61a,2026-09-22T00:26:42Z,s2r,true,false,false
981,cc6cb1ec-94d8-46ce-9639-73e95be71046,2026-09-22T00:26:42Z,s2m,true,false,false
982,ad293ff3-7546-4c1e-8394-dbfb4de6762b,2026-09-22T00:26:42Z,s2r,true,false,false
983,7a7313ef-ac73-41c9-bc4e-d9ca59f0a425,2026-09-22T00:26:50Z,s2r,true,false,false
984,e5aa4c55-6cc9-4a54-b378-3bec934b04b5,2026-09-22T00:26:57Z,s2r,false,false,false
985,f4b3b560-471e-4645-8ae5-4c857690481d,2026-09-22T00:27:10Z,r2m,true,false,false
986,f6da4dd6-5127-468f-944d-ceb0b260f5db,2026-09-22T00:27:10Z,s2m,true,false,false
987,f55ce1dc-0811-4c70-a056-84f583389392,2026-09-22T00:27:26Z,s2m,false,false,false
988,ad395854-6c18-4385-b5d1-c0da9a83d889,2026-09-22T00:27:36Z,s2m,true,false,false
989,70f1088f-d685-4f23-841e-cff81ef7a6b4,2026-09-22T00:27:57Z,s2m,false,false,false
990,e5aa4c55-6cc9-4a54-b378-3bec934b04b5,2026-09-22T00:27:57Z,s2r,true,true,false
991,f55ce1dc-0811-4c70-a056-84f583389392,2026-09-22T00:28:09Z,s2m,true,true,false
992,70f1088f-d685-4f23-841e-cff81ef7a6b4,2026-09-22T00:28:14Z,s2m,true,true,false
993,c8d1e469-5e86-46a9-be07-960507a45f08,2026-09-22T04:33:16Z,learn,true,false,false
994,b511fe1f-2669-4ac7-9326-563f649837c7,2026-09-22T04:33:16Z,learn,true,false,false
995,ab6ef410-10d1-43b6-8559-f6cd0c424bab,2026-09-22T04:33:16Z,learn,true,false,false
996,77951b96-b405-4356-8a1e-5749004fc936,2026-09-22T04:33:16Z,learn,true,false,false
997,284e6570-ff93-4c29-a114-85e08dea35ff,2026-09-22T04:33:16Z,learn,true,false,false
998,c8d1e469-5e86-46a9-be07-960507a45f08,2026-09-22T04:41:10Z,s2r,true,false,false
999,b511fe1f-2669-4ac7-9326-563f649837c7,2026-09-22T04:41:10Z,s2r,true,false,false
1000,ab6ef410-10d1-43b6-8559-f6cd0c424bab,2026-09-22T04:41:10Z,s2r,true,false,false
1001,77951b96-b405-4356-8a1e-5749004fc936,2026-09-22T04:41:10Z,s2r,true,false,false
1002,284e6570-ff93-4c29-a114-85e08dea35ff,2026-09-22T04:41:10Z,s2r,true,false,false
1003,a89454ac-6a05-4ed0-a42f-a76295f51b1e,2026-09-22T04:41:33Z,learn,true,false,false
1004,5e21e1f5-12bc-486c-9c1f-e87f7a103d48,2026-09-22T04:43:57Z,learn,true,false,false
1005,1ab11520-1cc5-45af-9466-3ffe1f50ccba,2026-09-22T04:44:04Z,learn,true,false,false
1006,64202700-180f-4bf8-8304-6df107b7b2cf,2026-09-22T04:44:10Z,learn,true,false,false
1007,fcac34ae-2374-4fe6-99a6-57eb1990c71f,2026-09-22T04:44:16Z,learn,true,false,false
1008,a89454ac-6a05-4ed0-a42f-a76295f51b1e,2026-09-22T04:44:28Z,s2r,true,false,false
1009,5e21e1f5-12bc-486c-9c1f-e87f7a103d48,2026-09-22T04:44:42Z,s2r,true,false,false
1010,1ab11520-1cc5-45af-9466-3ffe1f50ccba,2026-09-22T04:45:01Z,s2r,true,false,false
1011,64202700-180f-4bf8-8304-6df107b7b2cf,2026-09-22T04:45:01Z,s2r,true,false,false
1012,fcac34ae-2374-4fe6-99a6-57eb1990c71f,2026-09-22T04:45:01Z,s2r,true,false,false
1013,87ba8906-dd80-41b8-bb9a-3a75f9b65e30,2026-09-22T04:46:02Z,learn,true,false,false
1014,f102fc86-5fb4-4be2-ad3a-dd65cf7e9f87,2026-09-22T04:46:02Z,learn,true,false,false
1015,c27fbc32-6582-4d36-bbc5-b4b52d926622,2026-09-22T04:46:02Z,learn,true,false,false
1016,04c15b16-72af-4b3c-88b9-8155ffe27889,2026-09-22T04:46:02Z,learn,true,false,false
1017,d6f8cd36-ed62-4274-89f4-04869e6a4fa4,2026-09-22T04:46:02Z,learn,true,false,false
1018,87ba8906-dd80-41b8-bb9a-3a75f9b65e30,2026-09-22T04:46:15Z,learn,true,false,false
1019,f102fc86-5fb4-4be2-ad3a-dd65cf7e9f87,2026-09-22T04:46:15Z,learn,true,false,false
1020,c27fbc32-6582-4d36-bbc5-b4b52d926622,2026-09-22T04:46:15Z,learn,true,false,false
1021,04c15b16-72af-4b3c-88b9-8155ffe27889,2026-09-22T04:46:15Z,learn,true,false,false
1022,d6f8cd36-ed62-4274-89f4-04869e6a4fa4,2026-09-22T04:46:15Z,learn,true,false,false
1023,87ba8906-dd80-41b8-bb9a-3a75f9b65e30,2026-09-22T04:46:29Z,learn,true,false,false
1024,f102fc86-5fb4-4be2-ad3a-dd65cf7e9f87,2026-09-22T04:46:39Z,learn,true,false,false
1025,c27fbc32-6582-4d36-bbc5-b4b52d926622,2026-09-22T04:46:50Z,learn,true,false,false
1026,04c15b16-72af-4b3c-88b9-8155ffe27889,2026-09-22T04:47:03Z,learn,true,false,false
1027,d6f8cd36-ed62-4274-89f4-04869e6a4fa4,2026-09-22T04:47:03Z,learn,true,false,false
1028,87ba8906-dd80-41b8-bb9a-3a75f9b65e30,2026-09-22T04:47:03Z,s2r,true,false,false
1029,f102fc86-5fb4-4be2-ad3a-dd65cf7e9f87,2026-09-22T04:47:18Z,s2r,true,false,false
1030,c27fbc32-6582-4d36-bbc5-b4b52d926622,2026-09-22T04:47:18Z,s2r,true,false,false
1031,04c15b16-72af-4b3c-88b9-8155ffe27889,2026-09-22T04:47:33Z,s2r,true,false,false
1032,d6f8cd36-ed62-4274-89f4-04869e6a4fa4,2026-09-22T04:47:33Z,s2r,true,false,false
1033,9d1c95d2-ad32-4b4b-8ab4-9bb7b17bab68,2026-09-22T04:47:44Z,learn,true,false,false
1034,0853c324-ebad-4417-855c-d6d1a813f7d1,2026-09-22T04:47:44Z,learn,true,false,false
1035,a88c5034-a927-4b90-b16b-becfa016b9bd,2026-09-22T04:47:44Z,learn,true,false,false
1036,a09391ae-9a37-451c-ac02-7de758402b1b,2026-09-22T04:47:44Z,learn,true,false,false
1037,6aac2ba3-4a24-4685-b230-ec5bdaac07a3,2026-09-22T04:47:58Z,learn,true,false,false
1038,9d1c95d2-ad32-4b4b-8ab4-9bb7b17bab68,2026-09-22T04:47:58Z,s2r,true,false,false
1039,0853c324-ebad-4417-855c-d6d1a813f7d1,2026-09-22T04:47:58Z,s2r,true,false,false
1040,a88c5034-a927-4b90-b16b-becfa016b9bd,2026-09-22T04:48:08Z,s2r,true,false,false
1041,a09391ae-9a37-451c-ac02-7de758402b1b,2026-09-22T04:48:08Z,s2r,true,false,false
1042,6aac2ba3-4a24-4685-b230-ec5bdaac07a3,2026-09-22T04:48:20Z,s2r,true,false,false
1043,5026e53e-d351-4b05-9831-62270b6aa377,2026-09-22T04:48:20Z,learn,true,false,false
1044,5cee2051-d963-4419-b940-cd5df4d7b491,2026-09-22T04:48:20Z,learn,true,false,false
1045,50fdd69a-4fc1-4dcd-b0ec-66dec0d3bb41,2026-09-22T04:48:20Z,learn,true,false,false
1046,609d9e9f-a49d-41bd-b32e-ab6c28a5ba0c,2026-09-22T04:48:54Z,learn,true,false,false
1047,50ed53e4-7dd0-4f70-8ee4-9099547d5f41,2026-09-22T04:49:14Z,learn,true,false,false
1048,5026e53e-d351-4b05-9831-62270b6aa377,2026-09-22T04:49:37Z,s2r,true,false,false
1049,5cee2051-d963-4419-b940-cd5df4d7b491,2026-09-22T04:49:37Z,s2m,true,false,false
1050,50fdd69a-4fc1-4dcd-b0ec-66dec0d3bb41,2026-09-22T04:49:37Z,s2m,true,false,false
1051,609d9e9f-a49d-41bd-b32e-ab6c28a5ba0c,2026-09-22T04:49:37Z,s2r,true,false,false
1052,50ed53e4-7dd0-4f70-8ee4-9099547d5f41,2026-09-22T04:49:37Z,s2r,true,false,false
1053,928913bf-48cd-4f2f-ad64-747d03e5a68e,2026-09-22T04:49:47Z,learn,true,false,false
1054,2c3cd660-792e-4b50-9b8f-068b4c8c6126,2026-09-22T04:49:47Z,learn,true,false,false
1055,b929f19b-d947-4c9a-a808-1f5ecbf030f6,2026-09-22T04:50:12Z,learn,true,false,false
1056,361dd154-83bc-40d0-9c36-848edd31db41,2026-09-22T04:50:12Z,learn,true,false,false
1057,20069932-9dbe-4192-a2f5-deb46ce04cda,2026-09-22T04:50:12Z,learn,true,false,false
1058,928913bf-48cd-4f2f-ad64-747d03e5a68e,2026-09-22T04:50:12Z,s2r,true,false,false
1059,2c3cd660-792e-4b50-9b8f-068b4c8c6126,2026-09-22T04:50:12Z,s2r,true,false,false
1060,b929f19b-d947-4c9a-a808-1f5ecbf030f6,2026-09-22T04:50:23Z,s2r,true,false,false
1061,361dd154-83bc-40d0-9c36-848edd31db41,2026-09-22T04:50:23Z,s2r,true,false,false
1062,20069932-9dbe-4192-a2f5-deb46ce04cda,2026-09-22T04:50:23Z,s2m,true,false,false
1063,8a8f6a4f-07fc-4f94-8603-270f4f01fcf9,2026-09-22T04:50:23Z,learn,true,false,false
1064,50a44877-5ff1-4905-a987-206f840a0f01,2026-09-22T04:50:23Z,learn,true,false,false
1065,a1ba2a2d-c916-4936-b194-b69baa208602,2026-09-22T04:50:37Z,learn,true,false,false
1066,fc008c02-9790-4c97-8701-85dcaad70c18,2026-09-22T04:50:37Z,learn,true,false,false
1067,5234469f-f60f-463d-8107-a808abda2908,2026-09-22T04:50:37Z,learn,true,false,false
1068,8a8f6a4f-07fc-4f94-8603-270f4f01fcf9,2026-09-22T04:50:37Z,s2r,true,false,false
1069,50a44877-5ff1-4905-a987-206f840a0f01,2026-09-22T04:50:44Z,s2r,true,false,false
1070,a1ba2a2d-c916-4936-b194-b69baa208602,2026-09-22T04:54:16Z,s2r,true,false,false
1071,fc008c02-9790-4c97-8701-85dcaad70c18,2026-09-22T04:55:45Z,s2r,true,false,false
1072,5234469f-f60f-463d-8107-a808abda2908,2026-09-22T04:55:45Z,s2r,true,false,false
1073,ab1dddde-211d-4370-ae13-af331eb47588,2026-09-22T04:55:45Z,learn,true,false,false
1074,ab1dddde-211d-4370-ae13-af331eb47588,2026-09-22T04:55:45Z,s2r,true,false,false
1075,9b8f150a-d405-4286-b4f7-ae9c4e0bb970,2026-09-22T23:39:59Z,s2r,true,false,false
1076,1cf7d3bd-0ff4-4c44-8332-8e0259e6d8bb,2026-09-22T23:39:59Z,s2r,false,false,false
1077,a86429c3-f18e-4dcd-b280-99cce2ba3567,2026-09-22T23:40:05Z,s2r,false,false,false
1078,d0dbc745-6540-438f-ad5e-a9584cf67bb0,2026-09-22T23:40:17Z,s2m,false,false,false
1079,79fcb687-27b8-4571-84d4-d49c2aec487d,2026-09-22T23:40:42Z,s2m,false,false,false
1080,7ecceb08-c043-45a9-b5dd-0aa66a40b6a3,2026-09-22T23:40:42Z,s2r,true,false,false
1081,efd037fd-bb72-48e8-9e52-1465d4766a9e,2026-09-22T23:40:50Z,s2r,true,false,false
1082,1cf7d3bd-0ff4-4c44-8332-8e0259e6d8bb,2026-09-22T23:40:50Z,s2r,true,true,false
1083,a86429c3-f18e-4dcd-b280-99cce2ba3567,2026-09-22T23:40:57Z,s2r,true,true,false
1084,d0dbc745-6540-438f-ad5e-a9584cf67bb0,2026-09-22T23:40:57Z,s2m,true,true,false
1085,79fcb687-27b8-4571-84d4-d49c2aec487d,2026-09-22T23:41:04Z,s2m,true,true,false
1086,9fb3d078-1b97-476a-9f27-cd01245d6d24,2026-09-22T23:41:30Z,s2r,true,false,false
1087,a89454ac-6a05-4ed0-a42f-a76295f51b1e,2026-09-22T23:41:30Z,r2m,true,false,false
1088,5e21e1f5-12bc-486c-9c1f-e87f7a103d48,2026-09-22T23:42:52Z,s2r,false,false,false
1089,1ab11520-1cc5-45af-9466-3ffe1f50ccba,2026-09-22T23:42:52Z,s2r,true,false,false
1090,64202700-180f-4bf8-8304-6df107b7b2cf,2026-09-22T23:42:52Z,s2r,true,false,false
1091,df847d6a-88b9-4326-8dfa-d3674547da57,2026-09-22T23:42:52Z,s2r,true,false,false
1092,24eba4dc-44bb-4343-bb63-566d33837b5f,2026-09-22T23:43:17Z,s2r,false,false,false
1093,19ae616a-779b-470e-b564-92e374673fb3,2026-09-22T23:43:17Z,r2m,true,false,false
1094,5e21e1f5-12bc-486c-9c1f-e87f7a103d48,2026-09-22T23:43:17Z,s2r,true,true,false
1095,db1d7c6d-7c15-42a5-8f49-c8b562353157,2026-09-22T23:43:38Z,s2m,true,false,false
1096,9c515bd6-5f43-4245-a60c-45ee317cadd4,2026-09-22T23:43:38Z,s2r,true,false,false
1097,f5932f68-2285-4e8c-a731-e6d1daa690d4,2026-09-22T23:43:38Z,s2r,true,false,false
1098,24eba4dc-44bb-4343-bb63-566d33837b5f,2026-09-22T23:43:38Z,s2r,true,true,false
1099,87ba8906-dd80-41b8-bb9a-3a75f9b65e30,2026-09-22T23:43:38Z,s2r,true,false,false
1100,f102fc86-5fb4-4be2-ad3a-dd65cf7e9f87,2026-09-22T23:43:53Z,s2r,false,false,false
1101,928913bf-48cd-4f2f-ad64-747d03e5a68e,2026-09-22T23:44:07Z,s2r,true,false,false
1102,b929f19b-d947-4c9a-a808-1f5ecbf030f6,2026-09-22T23:44:07Z,s2r,true,false,false
1103,e5aa4c55-6cc9-4a54-b378-3bec934b04b5,2026-09-22T23:44:07Z,s2r,true,false,false
1104,f55ce1dc-0811-4c70-a056-84f583389392,2026-09-22T23:44:36Z,s2m,true,false,false
1105,70f1088f-d685-4f23-841e-cff81ef7a6b4,2026-09-22T23:44:36Z,s2m,false,false,false
1106,f102fc86-5fb4-4be2-ad3a-dd65cf7e9f87,2026-09-22T23:44:50Z,s2r,true,true,false
1107,c8d1e469-5e86-46a9-be07-960507a45f08,2026-09-22T23:44:50Z,s2r,true,false,false
1108,b511fe1f-2669-4ac7-9326-563f649837c7,2026-09-22T23:44:50Z,s2r,true,false,false
1109,ab6ef410-10d1-43b6-8559-f6cd0c424bab,2026-09-22T23:44:50Z,s2r,true,false,false
1110,77951b96-b405-4356-8a1e-5749004fc936,2026-09-22T23:44:50Z,s2r,true,false,false
1111,70f1088f-d685-4f23-841e-cff81ef7a6b4,2026-09-22T23:45:09Z,s2m,true,true,false
1112,284e6570-ff93-4c29-a114-85e08dea35ff,2026-09-22T23:45:17Z,s2r,true,false,false
1113,fcac34ae-2374-4fe6-99a6-57eb1990c71f,2026-09-22T23:45:17Z,s2r,true,false,false
1114,c27fbc32-6582-4d36-bbc5-b4b52d926622,2026-09-22T23:45:26Z,s2r,true,false,false
1115,04c15b16-72af-4b3c-88b9-8155ffe27889,2026-09-22T23:45:26Z,r2m,true,false,false
1116,d6f8cd36-ed62-4274-89f4-04869e6a4fa4,2026-09-22T23:45:26Z,s2r,true,false,false
1117,9d1c95d2-ad32-4b4b-8ab4-9bb7b17bab68,2026-09-22T23:45:26Z,s2r,true,false,false
1118,0853c324-ebad-4417-855c-d6d1a813f7d1,2026-09-22T23:45:26Z,s2r,true,false,false
1119,a88c5034-a927-4b90-b16b-becfa016b9bd,2026-09-22T23:45:35Z,s2r,true,false,false
1120,a09391ae-9a37-451c-ac02-7de758402b1b,2026-09-22T23:45:35Z,s2m,true,false,false
1121,6aac2ba3-4a24-4685-b230-ec5bdaac07a3,2026-09-22T23:45:46Z,s2r,true,false,false
1122,5026e53e-d351-4b05-9831-62270b6aa377,2026-09-22T23:45:46Z,s2r,true,false,false
1123,5cee2051-d963-4419-b940-cd5df4d7b491,2026-09-22T23:45:46Z,s2m,true,false,false
1124,50fdd69a-4fc1-4dcd-b0ec-66dec0d3bb41,2026-09-22T23:45:46Z,s2m,true,false,false
1125,609d9e9f-a49d-41bd-b32e-ab6c28a5ba0c,2026-09-22T23:45:46Z,s2r,true,false,false
1126,50ed53e4-7dd0-4f70-8ee4-9099547d5f41,2026-09-22T23:45:59Z,s2r,true,false,false
1127,2c3cd660-792e-4b50-9b8f-068b4c8c6126,2026-09-22T23:45:59Z,s2r,true,false,false
1128,361dd154-83bc-40d0-9c36-848edd31db41,2026-09-22T23:45:59Z,s2m,true,false,false
1129,20069932-9dbe-4192-a2f5-deb46ce04cda,2026-09-22T23:45:59Z,s2m,true,false,false
1130,8a8f6a4f-07fc-4f94-8603-270f4f01fcf9,2026-09-22T23:45:59Z,s2r,true,false,false
1131,50a44877-5ff1-4905-a987-206f840a0f01,2026-09-22T23:46:17Z,s2r,true,false,false
1132,a1ba2a2d-c916-4936-b194-b69baa208602,2026-09-22T23:46:17Z,r2m,true,false,false
1133,fc008c02-9790-4c97-8701-85dcaad70c18,2026-09-22T23:46:17Z,s2r,true,false,false
1134,5234469f-f60f-463d-8107-a808abda2908,2026-09-22T23:46:17Z,s2r,true,false,false
1135,ab1dddde-211d-4370-ae13-af331eb47588,2026-09-22T23:46:17Z,s2r,true,false,false
1136,6c6777c5-0692-444b-a364-ac58f17192a0,2026-09-22T23:46:23Z,s2r,true,false,false
1137,24ed7835-941e-4759-b40c-ef085193d59a,2026-09-22T23:46:23Z,s2r,true,false,false
1138,1cf7d3bd-0ff4-4c44-8332-8e0259e6d8bb,2026-09-29T02:34:58Z,s2r,true,false,false
1139,a86429c3-f18e-4dcd-b280-99cce2ba3567,2026-09-29T02:35:06Z,s2r,false,false,false
1140,70f1088f-d685-4f23-841e-cff81ef7a6b4,2026-09-29T02:35:13Z,s2m,true,false,false
1141,5e21e1f5-12bc-486c-9c1f-e87f7a103d48,2026-09-29T02:35:21Z,s2r,false,false,false
1142,f102fc86-5fb4-4be2-ad3a-dd65cf7e9f87,2026-09-29T02:36:00Z,s2r,false,false,false
1143,24eba4dc-44bb-4343-bb63-566d33837b5f,2026-09-29T02:36:17Z,s2r,false,false,false
1144,79fcb687-27b8-4571-84d4-d49c2aec487d,2026-09-29T02:36:39Z,s2m,false,false,false
1145,a86429c3-f18e-4dcd-b280-99cce2ba3567,2026-09-29T02:36:39Z,s2r,true,true,false
1146,d0dbc745-6540-438f-ad5e-a9584cf67bb0,2026-09-29T02:36:45Z,s2m,true,false,false
1147,5e21e1f5-12bc-486c-9c1f-e87f7a103d48,2026-09-29T02:36:56Z,s2r,true,true,false
1148,f102fc86-5fb4-4be2-ad3a-dd65cf7e9f87,2026-09-29T02:36:56Z,s2r,true,true,false
1149,24eba4dc-44bb-4343-bb63-566d33837b5f,2026-09-29T02:37:22Z,s2r,true,true,false
1150,79fcb687-27b8-4571-84d4-d49c2aec487d,2026-09-29T02:37:51Z,s2m,true,true,false
1151,8adb3871-17e8-42e8-af5f-6dffbfc16695,2026-09-29T02:38:03Z,s2r,false,false,false
1152,1c552d1b-1346-4f6d-80fd-0e494ecea4ac,2026-09-29T02:38:25Z,s2m,false,false,false
1153,5f77befc-dfa9-41fc-830a-43e760f70362,2026-09-29T02:38:48Z,s2m,true,false,false
1154,c6c4dd31-d168-419b-8b3e-8cfda809f97f,2026-09-29T02:39:11Z,s2r,false,false,false
1155,7a7313ef-ac73-41c9-bc4e-d9ca59f0a425,2026-09-29T02:39:11Z,s2r,true,false,false
1156,5358a0c1-67a6-48a8-a4a0-b679c7914a3a,2026-09-29T02:39:23Z,s2m,true,false,false
1157,8adb3871-17e8-42e8-af5f-6dffbfc16695,2026-09-29T02:39:37Z,s2r,true,true,false
1158,1c552d1b-1346-4f6d-80fd-0e494ecea4ac,2026-09-29T02:39:37Z,s2m,true,true,false
1159,9b8f150a-d405-4286-b4f7-ae9c4e0bb970,2026-09-29T02:39:37Z,s2r,true,false,false
1160,c6c4dd31-d168-419b-8b3e-8cfda809f97f,2026-09-29T02:39:37Z,s2r,true,true,false
1161,df847d6a-88b9-4326-8dfa-d3674547da57,2026-09-29T02:39:56Z,s2r,false,false,false
1162,f55ce1dc-0811-4c70-a056-84f583389392,2026-09-29T02:41:01Z,s2r,false,false,false
1163,c73994f8-2e6e-4210-bc42-067dae816019,2026-09-29T02:41:01Z,s2r,true,false,false
1164,f2f6cc47-89fa-40e9-a721-3b124439e84d,2026-09-29T02:41:32Z,s2m,false,false,false
1165,bbb0aacc-80c1-4175-9a8d-917f7fe90f3e,2026-09-29T02:41:32Z,s2r,true,false,false
1166,50f7d3d5-c280-4f38-9014-32bc52a283a8,2026-09-29T02:41:32Z,s2m,true,false,false
1167,df847d6a-88b9-4326-8dfa-d3674547da57,2026-09-29T02:41:32Z,s2r,true,true,false
1168,f55ce1dc-0811-4c70-a056-84f583389392,2026-09-29T02:41:32Z,s2r,true,true,false
1169,01249a72-6208-4ad4-8085-dfc7be789882,2026-09-29T02:41:42Z,s2r,true,false,false
1170,f2f6cc47-89fa-40e9-a721-3b124439e84d,2026-09-29T02:41:42Z,s2m,true,true,false
1171,31a34ed8-0b39-4881-9385-13e41e66b10c,2026-09-29T02:41:51Z,s2r,true,false,false
1172,fc5d9cd5-5672-4561-b8b4-776d404a1d94,2026-09-29T02:41:51Z,s2r,true,false,false
1173,51340b87-1742-4521-9bc1-827b9a8bc6b1,2026-09-29T02:42:00Z,s2r,false,false,false
1174,164a8f26-7214-4187-9136-c071e3aec858,2026-09-29T02:42:00Z,s2m,true,false,false
1175,c6d71459-0bcc-4cc8-b809-9871c30c1895,2026-09-29T02:42:00Z,s2r,true,false,false
1176,8c041ca5-79ad-4d6a-b1d1-f683bfd37ad3,2026-09-29T02:42:00Z,s2m,true,false,false
1177,f56ad1d4-60e8-47cf-b876-bb3b27842d02,2026-09-29T02:42:00Z,s2r,true,false,false
1178,cdb5efb2-8f47-4fad-9d9a-e2f0fd9dbafc,2026-09-29T02:42:10Z,s2r,true,false,false
1179,51340b87-1742-4521-9bc1-827b9a8bc6b1,2026-09-29T02:42:10Z,s2r,true,true,false
1180,853da365-46f3-4530-baa0-69a4d57d3d89,2026-09-29T02:42:21Z,s2r,false,false,false
1181,29ef3554-de71-45f9-89d2-fac8ee9ad6f5,2026-09-29T02:42:21Z,s2r,true,false,false
1182,d2003e7c-6e21-4024-9f46-e058ffe7b455,2026-09-29T02:42:21Z,s2m,true,false,false
1183,14a315fc-a9a6-4dd5-9402-6635576d9065,2026-09-29T02:42:21Z,s2r,true,false,false
1184,6edabe86-153f-40ec-b2ab-be4a2fded058,2026-09-29T02:42:21Z,s2r,true,false,false
1185,451e980f-14b2-4d0e-a8cb-204af22f0bc3,2026-09-29T02:42:29Z,s2m,true,false,false
1186,853da365-46f3-4530-baa0-69a4d57d3d89,2026-09-29T02:42:29Z,s2r,true,true,false
1187,e265f314-99aa-4c70-b723-28546717f637,2026-09-29T02:42:29Z,s2m,true,false,false
1188,5f8fc77a-a30d-4bb5-a19c-275867133eac,2026-09-29T02:42:29Z,s2m,true,false,false
1189,cb6f6f56-4598-414d-82ba-e4a7fe28cdf0,2026-09-29T02:42:29Z,r2m,true,false,false
1190,e9bd1887-ab30-4514-bfa2-3f3a3c05e29b,2026-09-29T02:42:50Z,s2r,true,false,false
1191,fea7426d-3b07-4c11-9543-348cfda6a5ee,2026-09-29T02:42:50Z,s2m,true,false,false
1192,ae18cccf-800f-47a6-8ef9-59f533608085,2026-09-29T02:42:50Z,s2r,true,false,false
1193,6e9aabaa-5091-4e58-b439-937788898e73,2026-09-29T02:42:50Z,r2m,true,false,false
1194,b0d7fee1-5895-472b-93b1-e4a978fedc2b,2026-09-29T02:43:09Z,s2r,false,false,false
1195,b0baccec-8296-4fa7-8266-9d39e71de037,2026-09-29T02:43:09Z,s2m,true,false,false
1196,faa9598a-d0c1-49fd-b742-fcc6b93330fb,2026-09-29T02:43:09Z,s2r,true,false,false
1197,c9b674f4-9972-4ec7-91ac-4880894b3ecd,2026-09-29T02:43:09Z,r2m,true,false,false
1198,dfe1d229-47c0-4fb3-b3fe-33bfd1be06ba,2026-09-29T02:43:09Z,s2m,true,false,false
1199,ddccff4b-eac2-4a93-a249-1f216c13f079,2026-09-29T02:43:19Z,s2r,true,false,false
1200,b0d7fee1-5895-472b-93b1-e4a978fedc2b,2026-09-29T02:43:19Z,s2r,true,true,false
1201,2df797d5-ea40-4f27-8dee-6eab650047f8,2026-09-29T02:43:19Z,s2r,true,false,false
1202,4c1684c3-9e32-4b8c-82b4-87a4a9354def,2026-09-29T02:43:49Z,s2m,true,false,false
1203,175c17a0-e5a5-4fc7-b5e5-bbfbc4f7e34e,2026-09-29T02:43:49Z,s2r,true,false,false
1204,c480ef20-529f-4e97-a386-06cd58c2c32d,2026-09-29T02:43:49Z,s2m,true,false,false
1205,a8acc782-976d-4dbd-a5c0-897e4a34b0c3,2026-09-29T02:44:05Z,s2m,false,false,false
1206,badc2cf3-fa24-4eab-bd20-88d76424a872,2026-09-29T02:44:05Z,s2m,true,false,false
1207,fe42fe57-56c2-4006-98e5-4a5d974cf5fd,2026-09-29T02:44:05Z,r2m,true,false,false
1208,3f96236f-c3d2-4ecb-9fb3-bad41035320b,2026-09-29T02:44:17Z,s2r,true,false,false
1209,36d3cba6-8cf6-4cd4-b717-877220589d2a,2026-09-29T02:44:17Z,s2m,true,false,false
1210,c1f54570-78fb-4fe4-98a7-2cf50c2d5f86,2026-09-29T02:44:22Z,s2r,true,false,false
1211,a8acc782-976d-4dbd-a5c0-897e4a34b0c3,2026-09-29T02:44:28Z,s2m,true,true,false
1212,46339cc8-65db-4452-b960-c657d13613a1,2026-09-29T02:44:37Z,s2m,true,false,false
1213,ce91d2c3-e787-4b4b-8261-963ee69bff31,2026-09-29T02:44:37Z,s2r,true,false,false
1214,3e88ff10-90a8-4859-8531-6009454925f2,2026-09-29T02:44:37Z,s2r,true,false,false
1215,14e08f81-a0c7-45c8-8463-d4623d5c59d1,2026-09-29T02:44:37Z,s2m,true,false,false
1216,503819fb-b02e-46fa-9cfa-c8eab5390d30,2026-09-29T02:44:37Z,s2m,true,false,false
1217,23570e3b-9a24-49a0-a39a-dce8243f35e0,2026-09-29T02:46:29Z,s2r,false,false,false
1218,ad395854-6c18-4385-b5d1-c0da9a83d889,2026-09-29T02:46:46Z,s2m,false,false,false
1219,f6da4dd6-5127-468f-944d-ceb0b260f5db,2026-09-29T02:46:59Z,s2r,true,false,false
1220,400b9a00-99eb-4a2f-bb90-62beb85f03c6,2026-09-29T02:46:59Z,s2m,true,false,false
1221,f4b3b560-471e-4645-8ae5-4c857690481d,2026-09-29T02:47:12Z,s2m,false,false,false
1222,287ada00-c554-42ee-a8c6-a26a86af57ed,2026-09-29T02:47:25Z,s2r,true,false,false
1223,23570e3b-9a24-49a0-a39a-dce8243f35e0,2026-09-29T02:47:25Z,s2r,true,true,false
1224,ad395854-6c18-4385-b5d1-c0da9a83d889,2026-09-29T02:48:01Z,s2m,true,true,false
1225,9a8196f0-605c-4d5d-82da-6688980d802c,2026-09-29T02:48:01Z,s2r,true,false,false
1226,08373eee-a54e-4a0a-8f13-110376ed7232,2026-09-29T02:48:07Z,s2m,false,false,false
1227,f4b3b560-471e-4645-8ae5-4c857690481d,2026-09-29T02:48:19Z,s2m,true,true,false
1228,ffc1b609-b4b9-4859-ae81-48c5367cf9e6,2026-09-29T02:48:25Z,s2m,false,false,false
1229,408cf9a7-452f-4520-9b6b-73f452235553,2026-09-29T02:48:49Z,s2m,false,false,false
1230,52bb021f-4502-4a37-9f32-dcaec883eb33,2026-09-29T02:48:49Z,s2r,true,false,false
1231,235e4ea8-9e01-45d8-85be-ae2b0e5cd871,2026-09-29T02:49:10Z,s2r,false,false,false
1232,08373eee-a54e-4a0a-8f13-110376ed7232,2026-09-29T02:49:10Z,s2m,true,true,false
1233,1ba4ad25-8280-4165-9ea1-cc687426feea,2026-09-29T02:49:10Z,s2r,true,false,false
1234,ffc1b609-b4b9-4859-ae81-48c5367cf9e6,2026-09-29T02:49:10Z,s2m,true,true,false
1235,408cf9a7-452f-4520-9b6b-73f452235553,2026-09-29T02:49:19Z,s2m,true,true,false
1236,7e30e6d8-5da9-4727-bb20-07fc5a65033a,2026-09-29T02:49:19Z,s2r,true,false,false
1237,235e4ea8-9e01-45d8-85be-ae2b0e5cd871,2026-09-29T02:49:29Z,s2r,true,true,false
1238,ad293ff3-7546-4c1e-8394-dbfb4de6762b,2026-09-29T02:51:27Z,s2r,false,false,false
1239,d2564a6d-01b0-4230-ab32-116a90c7585e,2026-09-29T02:51:34Z,s2r,false,false,false
1240,f087f28d-daa8-4f0a-9ce8-b473537c5e27,2026-09-29T02:51:43Z,s2m,true,false,false
1241,cc6cb1ec-94d8-46ce-9639-73e95be71046,2026-09-29T02:51:43Z,s2r,true,false,false
1242,c6bc1adc-b677-4fbb-a809-6221fb0b30fd,2026-09-29T02:52:06Z,s2m,false,false,false
1243,773ad73d-4c44-4089-9106-244947f5a61a,2026-09-29T02:52:40Z,s2m,false,false,false
1244,ad293ff3-7546-4c1e-8394-dbfb4de6762b,2026-09-29T02:52:40Z,s2r,true,true,false
1245,d2564a6d-01b0-4230-ab32-116a90c7585e,2026-09-29T02:53:04Z,s2r,true,true,false
1246,fae3e19b-9edb-45c7-a09e-08ff546f57a8,2026-09-29T02:53:04Z,s2r,true,false,false
1247,aeedf882-6fc1-42ed-ac5a-e905239497f0,2026-09-29T02:53:04Z,s2m,true,false,false
1248,c6bc1adc-b677-4fbb-a809-6221fb0b30fd,2026-09-29T02:53:04Z,s2m,true,true,false
1249,773ad73d-4c44-4089-9106-244947f5a61a,2026-09-29T02:53:04Z,s2m,true,true,false
1250,df114fac-1c22-449c-86ed-dc7e55e69400,2026-09-29T02:53:15Z,s2r,true,false,false
1251,3733c6f6-af97-4fb9-a9d0-3bbafde5ee0c,2026-09-29T02:53:28Z,s2m,false,false,false
1252,0698c951-c9d2-4533-852b-eac8f4c84061,2026-09-29T02:53:28Z,s2m,true,false,false
1253,f45e2983-d936-4269-95d4-c2cef6e6988f,2026-09-29T02:53:43Z,s2m,false,false,false
1254,8f5b5f40-77cd-4755-b148-3acefd135857,2026-09-29T02:53:57Z,s2m,false,false,false
1255,226f7c45-6679-406e-a9f0-61745cfe1971,2026-09-29T02:54:07Z,s2r,false,false,false
1256,6468acfb-6f76-4884-bcb5-52ba519826aa,2026-09-29T02:54:41Z,s2r,false,false,false
1257,3733c6f6-af97-4fb9-a9d0-3bbafde5ee0c,2026-09-29T02:54:41Z,s2m,true,true,false
1258,45f70b5d-b78e-4a22-9041-2c89be0b8c7a,2026-09-29T02:54:49Z,r2m,true,false,false
1259,f45e2983-d936-4269-95d4-c2cef6e6988f,2026-09-29T02:55:03Z,s2m,true,true,false
1260,8f5b5f40-77cd-4755-b148-3acefd135857,2026-09-29T02:55:03Z,s2m,true,true,false
1261,226f7c45-6679-406e-a9f0-61745cfe1971,2026-09-29T02:55:03Z,s2r,true,true,false
1262,6468acfb-6f76-4884-bcb5-52ba519826aa,2026-09-29T02:55:03Z,s2r,true,true,false
1263,200ed9bf-0105-481c-85b5-4cf0f8a0728c,2026-09-29T02:55:03Z,s2r,true,false,false
1264,cd88c1af-4c3b-4fb1-9fbf-e271d19f780d,2026-09-29T02:55:11Z,s2r,true,false,false
1265,ab1dddde-211d-4370-ae13-af331eb47588,2026-09-29T02:55:35Z,r2m,true,false,false
1266,64202700-180f-4bf8-8304-6df107b7b2cf,2026-09-29T02:55:35Z,s2r,true,false,false
1267,9c515bd6-5f43-4245-a60c-45ee317cadd4,2026-09-29T02:55:35Z,r2m,true,false,false
1268,f5932f68-2285-4e8c-a731-e6d1daa690d4,2026-09-29T02:55:45Z,s2r,false,false,false
1269,efd037fd-bb72-48e8-9e52-1465d4766a9e,2026-09-29T02:55:57Z,s2r,false,false,false
1270,9fb3d078-1b97-476a-9f27-cd01245d6d24,2026-09-29T02:56:05Z,r2m,true,false,false
1271,a89454ac-6a05-4ed0-a42f-a76295f51b1e,2026-09-29T02:56:18Z,s2r,false,false,false
1272,1ab11520-1cc5-45af-9466-3ffe1f50ccba,2026-09-29T02:56:26Z,s2m,true,false,false
1273,87ba8906-dd80-41b8-bb9a-3a75f9b65e30,2026-09-29T02:56:40Z,s2r,true,false,false
1274,f5932f68-2285-4e8c-a731-e6d1daa690d4,2026-09-29T02:56:56Z,s2r,true,true,false
1275,efd037fd-bb72-48e8-9e52-1465d4766a9e,2026-09-29T02:56:56Z,s2r,true,true,false
1276,7ecceb08-c043-45a9-b5dd-0aa66a40b6a3,2026-09-29T02:56:56Z,r2m,false,false,false
1277,a89454ac-6a05-4ed0-a42f-a76295f51b1e,2026-09-29T02:57:11Z,s2r,true,true,false
1278,19ae616a-779b-470e-b564-92e374673fb3,2026-09-29T02:57:16Z,r2m,false,false,false
1279,db1d7c6d-7c15-42a5-8f49-c8b562353157,2026-09-29T02:57:34Z,s2r,false,false,false
1280,928913bf-48cd-4f2f-ad64-747d03e5a68e,2026-09-29T02:57:34Z,s2r,false,false,false
1281,b929f19b-d947-4c9a-a808-1f5ecbf030f6,2026-09-29T02:57:54Z,s2r,false,false,false
1282,7ecceb08-c043-45a9-b5dd-0aa66a40b6a3,2026-09-29T02:57:54Z,r2m,true,true,false
1283,e5aa4c55-6cc9-4a54-b378-3bec934b04b5,2026-09-29T02:58:10Z,s2r,true,false,false
1284,19ae616a-779b-470e-b564-92e374673fb3,2026-09-29T02:58:10Z,r2m,true,true,false
1285,db1d7c6d-7c15-42a5-8f49-c8b562353157,2026-09-29T02:58:10Z,s2r,true,true,false
1286,928913bf-48cd-4f2f-ad64-747d03e5a68e,2026-09-29T02:58:10Z,s2r,true,true,false
1287,b929f19b-d947-4c9a-a808-1f5ecbf030f6,2026-09-29T02:58:10Z,s2r,true,true,false
1288,c8d1e469-5e86-46a9-be07-960507a45f08,2026-09-29T02:58:18Z,s2m,true,false,false
1289,b511fe1f-2669-4ac7-9326-563f649837c7,2026-09-29T02:58:25Z,s2r,false,false,false
1290,ab6ef410-10d1-43b6-8559-f6cd0c424bab,2026-09-29T02:58:42Z,s2r,false,false,false
1291,77951b96-b405-4356-8a1e-5749004fc936,2026-09-29T02:58:42Z,s2r,true,false,false
1292,284e6570-ff93-4c29-a114-85e08dea35ff,2026-09-29T02:58:59Z,s2r,true,false,false
1293,fcac34ae-2374-4fe6-99a6-57eb1990c71f,2026-09-29T02:58:59Z,r2m,true,false,false
1294,c27fbc32-6582-4d36-bbc5-b4b52d926622,2026-09-29T02:58:59Z,r2m,false,false,false
1295,b511fe1f-2669-4ac7-9326-563f649837c7,2026-09-29T02:58:59Z,s2r,true,true,false
1296,ab6ef410-10d1-43b6-8559-f6cd0c424bab,2026-09-29T02:58:59Z,s2r,true,true,false
1297,04c15b16-72af-4b3c-88b9-8155ffe27889,2026-09-29T02:59:15Z,s2m,false,false,false
1298,d6f8cd36-ed62-4274-89f4-04869e6a4fa4,2026-09-29T02:59:15Z,r2m,true,false,false
1299,9d1c95d2-ad32-4b4b-8ab4-9bb7b17bab68,2026-09-29T02:59:46Z,s2m,false,false,false
1300,c27fbc32-6582-4d36-bbc5-b4b52d926622,2026-09-29T02:59:46Z,r2m,true,true,false
1301,0853c324-ebad-4417-855c-d6d1a813f7d1,2026-09-29T02:59:56Z,s2r,true,false,false
1302,a88c5034-a927-4b90-b16b-becfa016b9bd,2026-09-29T02:59:56Z,s2m,false,false,false
1303,04c15b16-72af-4b3c-88b9-8155ffe27889,2026-09-29T03:00:28Z,s2m,true,true,false
1304,a09391ae-9a37-451c-ac02-7de758402b1b,2026-09-29T03:00:28Z,r2m,true,false,false
1305,9d1c95d2-ad32-4b4b-8ab4-9bb7b17bab68,2026-09-29T03:00:28Z,s2m,true,true,false
1306,6aac2ba3-4a24-4685-b230-ec5bdaac07a3,2026-09-29T03:00:37Z,s2r,true,false,false
1307,5026e53e-d351-4b05-9831-62270b6aa377,2026-09-29T03:01:02Z,s2r,false,false,false
1308,a88c5034-a927-4b90-b16b-becfa016b9bd,2026-09-29T03:01:02Z,s2m,true,true,false
1309,5cee2051-d963-4419-b940-cd5df4d7b491,2026-09-29T03:01:02Z,s2m,true,false,false
1310,50fdd69a-4fc1-4dcd-b0ec-66dec0d3bb41,2026-09-29T03:01:02Z,s2m,true,false,false
1311,609d9e9f-a49d-41bd-b32e-ab6c28a5ba0c,2026-09-29T03:01:39Z,s2m,true,false,false
1312,50ed53e4-7dd0-4f70-8ee4-9099547d5f41,2026-09-29T03:01:53Z,s2r,false,false,false
1313,5026e53e-d351-4b05-9831-62270b6aa377,2026-09-29T03:01:53Z,s2r,true,true,false
1314,2c3cd660-792e-4b50-9b8f-068b4c8c6126,2026-09-29T03:01:53Z,r2m,true,false,false
1315,361dd154-83bc-40d0-9c36-848edd31db41,2026-09-29T03:01:53Z,s2m,true,false,false
1316,20069932-9dbe-4192-a2f5-deb46ce04cda,2026-09-29T03:02:02Z,s2m,true,false,false
1317,8a8f6a4f-07fc-4f94-8603-270f4f01fcf9,2026-09-29T03:02:02Z,s2r,true,false,false
1318,50ed53e4-7dd0-4f70-8ee4-9099547d5f41,2026-09-29T03:02:02Z,s2r,true,true,false
1319,50a44877-5ff1-4905-a987-206f840a0f01,2026-09-29T03:02:11Z,s2r,false,false,false
1320,a1ba2a2d-c916-4936-b194-b69baa208602,2026-09-29T03:02:20Z,s2r,false,false,false
1321,fc008c02-9790-4c97-8701-85dcaad70c18,2026-09-29T03:02:26Z,s2r,true,false,false
1322,5234469f-f60f-463d-8107-a808abda2908,2026-09-29T03:06:11Z,s2r,false,false,false
1323,5b9280c3-aea3-4c8b-8f35-a2d56484fadb,2026-09-29T03:06:27Z,s2r,false,false,false
1324,db110547-5c5d-47d4-b473-6d4c144a8568,2026-09-29T03:06:46Z,s2r,false,false,false
1325,50a44877-5ff1-4905-a987-206f840a0f01,2026-09-29T03:08:50Z,s2r,true,true,false
1326,a1ba2a2d-c916-4936-b194-b69baa208602,2026-09-29T03:08:50Z,s2r,true,true,false
1327,d2e96b37-73de-4df6-aa3f-a71ee6260bed,2026-09-29T03:09:10Z,r2m,false,false,false
1328,5234469f-f60f-463d-8107-a808abda2908,2026-09-29T03:09:10Z,s2r,true,true,false
1329,5b9280c3-aea3-4c8b-8f35-a2d56484fadb,2026-09-29T03:09:10Z,s2r,true,true,false
1330,db110547-5c5d-47d4-b473-6d4c144a8568,2026-09-29T03:09:15Z,s2r,true,true,false
1331,d4bca20c-f1fb-4726-ba84-9e2d62e5ff0d,2026-09-29T03:09:44Z,s2m,true,false,false
1332,69f13611-c575-4aad-bdf3-59edff4a971d,2026-09-29T03:09:44Z,s2m,true,false,false
1333,d2e96b37-73de-4df6-aa3f-a71ee6260bed,2026-09-29T03:09:54Z,r2m,true,true,false
1334,fbcc219c-adbe-4378-b12e-b35c493b4f8a,2026-09-29T03:09:54Z,s2m,true,false,false
1335,5381da40-32cc-4f6b-a9c3-e0f89c6d44dc,2026-09-29T03:10:14Z,s2r,false,false,false
1336,79dc46a2-b50c-41b9-9a67-cdee05efa47e,2026-09-29T03:10:23Z,s2r,true,false,false
1337,330e4cd9-28f7-4f28-a3c0-be6552e4517f,2026-09-29T03:10:37Z,r2m,true,false,false
1338,d9ef8813-28d0-4f3a-a675-52d052797e1c,2026-09-29T03:10:46Z,r2m,true,false,false
1339,ab967c75-42ed-4e6f-a578-5790efd01aba,2026-09-29T03:10:53Z,s2r,true,false,false
1340,f93017c2-05ac-4c05-886c-e0b234e507d4,2026-09-29T03:10:57Z,s2r,false,false,false
1341,5381da40-32cc-4f6b-a9c3-e0f89c6d44dc,2026-09-29T03:10:57Z,s2r,true,true,false
1342,f93017c2-05ac-4c05-886c-e0b234e507d4,2026-09-29T03:10:57Z,s2r,true,true,false
1343,3340b3e2-4bb5-4630-81bd-b643570b00cf,2026-09-29T03:11:43Z,s2m,true,false,false
1344,4d011289-80b0-4aa5-b15d-96c11699ec51,2026-09-29T03:11:43Z,s2r,true,false,false
1345,74b2a4d9-1b34-4875-a80a-cbbbd5ce9ac6,2026-09-29T03:11:43Z,s2r,true,false,false
1346,49dcaefd-7255-4f5e-a7a5-932064bca464,2026-09-29T03:11:48Z,s2r,false,false,false
1347,78467ca7-61a6-4b7f-8a5e-c99cc75aed3c,2026-09-29T03:12:19Z,s2m,true,false,false
1348,9ef9cf52-2584-4b06-b43c-4e407dacb854,2026-09-29T03:12:29Z,s2m,true,false,false
1349,edfd4f38-a2df-4cd6-a850-5c3324045d50,2026-09-29T03:12:29Z,s2r,true,false,false
1350,0a57d0ab-f712-4b18-b268-eb8b3e05529f,2026-09-29T03:12:55Z,s2m,true,false,false
1351,28fa45ae-0fb8-4bbe-b4dc-e57ea356d43b,2026-09-29T03:12:55Z,s2r,true,false,false
1352,49dcaefd-7255-4f5e-a7a5-932064bca464,2026-09-29T03:13:01Z,s2r,true,true,false
1353,cca46c98-20d4-4204-8179-179a38ffce6e,2026-09-29T03:13:35Z,r2m,true,false,false
1354,4b311383-78f9-493d-98b8-fb978c2cdba3,2026-09-29T03:13:48Z,s2r,false,false,false
1355,c5b7db25-ae9e-4d83-94a8-88af78d3fb27,2026-09-29T03:13:48Z,s2r,true,false,false
1356,1ed6f570-f305-496e-8f22-4271a93f7b11,2026-09-29T03:13:59Z,s2r,true,false,false
1357,24d35509-fa06-4acc-90a5-d3e35aa56202,2026-09-29T03:14:28Z,s2r,true,false,false
1358,a9cc6e20-46ab-4d5b-9e2d-298ef32f102a,2026-09-29T03:15:50Z,s2m,false,false,false
1359,5234469f-f60f-463d-8107-a808abda2908,2026-10-05T05:05:54Z,s2r,true,false,false
1360,51340b87-1742-4521-9bc1-827b9a8bc6b1,2026-10-05T05:05:54Z,s2r,true,false,false
1361,853da365-46f3-4530-baa0-69a4d57d3d89,2026-10-05T05:05:54Z,s2r,true,false,false
1362,b0d7fee1-5895-472b-93b1-e4a978fedc2b,2026-10-05T05:05:54Z,s2r,true,false,false
1363,235e4ea8-9e01-45d8-85be-ae2b0e5cd871,2026-10-05T05:05:54Z,s2r,true,false,false
1364,d2564a6d-01b0-4230-ab32-116a90c7585e,2026-10-05T05:06:17Z,s2r,false,false,false
1365,f5932f68-2285-4e8c-a731-e6d1daa690d4,2026-10-05T05:06:17Z,s2r,false,false,false
1366,a8acc782-976d-4dbd-a5c0-897e4a34b0c3,2026-10-05T05:06:17Z,s2m,true,false,false
1367,08373eee-a54e-4a0a-8f13-110376ed7232,2026-10-05T05:06:17Z,s2m,true,false,false
1368,ffc1b609-b4b9-4859-ae81-48c5367cf9e6,2026-10-05T05:06:23Z,s2m,true,false,false
1369,408cf9a7-452f-4520-9b6b-73f452235553,2026-10-05T05:06:41Z,s2m,true,false,false
1370,d2564a6d-01b0-4230-ab32-116a90c7585e,2026-10-05T05:06:41Z,s2r,true,true,false
1371,f5932f68-2285-4e8c-a731-e6d1daa690d4,2026-10-05T05:06:41Z,s2r,true,true,false
1372,a86429c3-f18e-4dcd-b280-99cce2ba3567,2026-10-05T05:06:41Z,s2r,true,false,false
1373,4b311383-78f9-493d-98b8-fb978c2cdba3,2026-10-05T05:06:41Z,s2r,true,false,false
1374,5e21e1f5-12bc-486c-9c1f-e87f7a103d48,2026-10-05T05:07:01Z,s2r,false,false,false
1375,79fcb687-27b8-4571-84d4-d49c2aec487d,2026-10-05T05:07:01Z,s2m,true,false,false
1376,8adb3871-17e8-42e8-af5f-6dffbfc16695,2026-10-05T05:07:01Z,s2r,true,false,false
1377,1c552d1b-1346-4f6d-80fd-0e494ecea4ac,2026-10-05T05:07:01Z,s2m,true,false,false
1378,c6c4dd31-d168-419b-8b3e-8cfda809f97f,2026-10-05T05:07:01Z,s2r,true,false,false
1379,3733c6f6-af97-4fb9-a9d0-3bbafde5ee0c,2026-10-05T05:07:26Z,s2m,false,false,false
1380,5e21e1f5-12bc-486c-9c1f-e87f7a103d48,2026-10-05T05:07:26Z,s2r,true,true,false
1381,a9cc6e20-46ab-4d5b-9e2d-298ef32f102a,2026-10-05T05:07:26Z,s2m,true,false,false
1382,f45e2983-d936-4269-95d4-c2cef6e6988f,2026-10-05T05:07:39Z,s2m,false,false,false
1383,efd037fd-bb72-48e8-9e52-1465d4766a9e,2026-10-05T05:07:57Z,s2r,false,false,false
1384,a89454ac-6a05-4ed0-a42f-a76295f51b1e,2026-10-05T05:08:07Z,s2r,false,false,false
1385,3733c6f6-af97-4fb9-a9d0-3bbafde5ee0c,2026-10-05T05:08:07Z,s2m,true,true,false
1386,7ecceb08-c043-45a9-b5dd-0aa66a40b6a3,2026-10-05T05:08:12Z,r2m,true,false,false
1387,23570e3b-9a24-49a0-a39a-dce8243f35e0,2026-10-05T05:08:36Z,s2r,true,false,false
1388,f45e2983-d936-4269-95d4-c2cef6e6988f,2026-10-05T05:08:36Z,s2m,true,true,false
1389,efd037fd-bb72-48e8-9e52-1465d4766a9e,2026-10-05T05:08:36Z,s2r,true,true,false
1390,a89454ac-6a05-4ed0-a42f-a76295f51b1e,2026-10-05T05:08:36Z,s2r,true,true,false
1391,c6bc1adc-b677-4fbb-a809-6221fb0b30fd,2026-10-05T05:08:36Z,s2m,true,false,false
1392,773ad73d-4c44-4089-9106-244947f5a61a,2026-10-05T05:08:53Z,s2m,false,false,false
1393,8f5b5f40-77cd-4755-b148-3acefd135857,2026-10-05T05:08:53Z,s2m,false,false,false
1394,f102fc86-5fb4-4be2-ad3a-dd65cf7e9f87,2026-10-05T05:09:04Z,s2r,false,false,false
1395,24eba4dc-44bb-4343-bb63-566d33837b5f,2026-10-05T05:09:13Z,s2r,true,false,false
1396,df847d6a-88b9-4326-8dfa-d3674547da57,2026-10-05T05:09:19Z,s2r,false,false,false
1397,f2f6cc47-89fa-40e9-a721-3b124439e84d,2026-10-05T05:09:32Z,s2m,true,false,false
1398,773ad73d-4c44-4089-9106-244947f5a61a,2026-10-05T05:09:32Z,s2m,true,true,false
1399,8f5b5f40-77cd-4755-b148-3acefd135857,2026-10-05T05:09:32Z,s2m,true,true,false
1400,f102fc86-5fb4-4be2-ad3a-dd65cf7e9f87,2026-10-05T05:09:39Z,s2r,false,true,false
1401,226f7c45-6679-406e-a9f0-61745cfe1971,2026-10-05T05:09:45Z,s2r,true,false,false
1402,df847d6a-88b9-4326-8dfa-d3674547da57,2026-10-05T05:09:52Z,s2r,true,true,false
1403,6468acfb-6f76-4884-bcb5-52ba519826aa,2026-10-05T05:10:01Z,s2r,true,false,false
1404,19ae616a-779b-470e-b564-92e374673fb3,2026-10-05T05:10:06Z,r2m,false,false,false
1405,db1d7c6d-7c15-42a5-8f49-c8b562353157,2026-10-05T05:10:20Z,s2r,true,false,false
1406,f102fc86-5fb4-4be2-ad3a-dd65cf7e9f87,2026-10-05T05:10:20Z,s2r,true,true,false
1407,928913bf-48cd-4f2f-ad64-747d03e5a68e,2026-10-05T05:10:32Z,s2r,false,false,false
1408,b929f19b-d947-4c9a-a808-1f5ecbf030f6,2026-10-05T05:10:32Z,s2r,true,false,false
1409,5b9280c3-aea3-4c8b-8f35-a2d56484fadb,2026-10-05T05:10:44Z,s2r,true,false,false
1410,19ae616a-779b-470e-b564-92e374673fb3,2026-10-05T05:10:44Z,r2m,true,true,false
1411,db110547-5c5d-47d4-b473-6d4c144a8568,2026-10-05T05:10:59Z,s2r,true,false,false
1412,d2e96b37-73de-4df6-aa3f-a71ee6260bed,2026-10-05T05:10:59Z,r2m,true,false,false
1413,928913bf-48cd-4f2f-ad64-747d03e5a68e,2026-10-05T05:10:59Z,s2r,true,true,false
1414,5381da40-32cc-4f6b-a9c3-e0f89c6d44dc,2026-10-05T05:10:59Z,s2r,true,false,false
1415,f93017c2-05ac-4c05-886c-e0b234e507d4,2026-10-05T05:11:05Z,s2r,false,false,false
1416,ad395854-6c18-4385-b5d1-c0da9a83d889,2026-10-05T05:11:15Z,s2m,false,false,false
1417,f4b3b560-471e-4645-8ae5-4c857690481d,2026-10-05T05:11:24Z,s2m,false,false,false
1418,ad293ff3-7546-4c1e-8394-dbfb4de6762b,2026-10-05T05:11:47Z,s2r,false,false,false
1419,50a44877-5ff1-4905-a987-206f840a0f01,2026-10-05T05:11:47Z,s2r,true,false,false
1420,a1ba2a2d-c916-4936-b194-b69baa208602,2026-10-05T05:11:58Z,s2r,true,false,false
1421,f93017c2-05ac-4c05-886c-e0b234e507d4,2026-10-05T05:11:58Z,s2r,true,true,false
1422,ad395854-6c18-4385-b5d1-c0da9a83d889,2026-10-05T05:11:58Z,s2m,true,true,false
1423,f4b3b560-471e-4645-8ae5-4c857690481d,2026-10-05T05:11:58Z,s2m,true,true,false
1424,ad293ff3-7546-4c1e-8394-dbfb4de6762b,2026-10-05T05:11:58Z,s2r,true,true,false
1425,49dcaefd-7255-4f5e-a7a5-932064bca464,2026-10-05T05:12:11Z,s2r,false,false,false
1426,f55ce1dc-0811-4c70-a056-84f583389392,2026-10-05T05:12:17Z,s2r,true,false,false
1427,b511fe1f-2669-4ac7-9326-563f649837c7,2026-10-05T05:12:39Z,s2r,false,false,false
1428,ab6ef410-10d1-43b6-8559-f6cd0c424bab,2026-10-05T05:12:39Z,s2r,true,false,false
1429,c27fbc32-6582-4d36-bbc5-b4b52d926622,2026-10-05T05:12:39Z,r2m,true,false,false
1430,04c15b16-72af-4b3c-88b9-8155ffe27889,2026-10-05T05:12:53Z,s2m,false,false,false
1431,49dcaefd-7255-4f5e-a7a5-932064bca464,2026-10-05T05:12:53Z,s2r,true,true,false
1432,9d1c95d2-ad32-4b4b-8ab4-9bb7b17bab68,2026-10-05T05:12:53Z,s2m,true,false,false
1433,b511fe1f-2669-4ac7-9326-563f649837c7,2026-10-05T05:13:07Z,s2r,true,true,false
1434,a88c5034-a927-4b90-b16b-becfa016b9bd,2026-10-05T05:13:07Z,s2m,true,false,false
1435,5026e53e-d351-4b05-9831-62270b6aa377,2026-10-05T05:13:07Z,s2r,true,false,false
1436,04c15b16-72af-4b3c-88b9-8155ffe27889,2026-10-05T05:13:25Z,s2m,false,true,false
1437,50ed53e4-7dd0-4f70-8ee4-9099547d5f41,2026-10-05T05:13:25Z,s2r,true,false,false
1438,d0dbc745-6540-438f-ad5e-a9584cf67bb0,2026-10-05T05:13:25Z,r2m,true,false,false
1439,1cf7d3bd-0ff4-4c44-8332-8e0259e6d8bb,2026-10-05T05:13:39Z,s2r,true,false,false
1440,70f1088f-d685-4f23-841e-cff81ef7a6b4,2026-10-05T05:13:39Z,r2m,true,false,false
1441,cfd2213c-95a0-4814-ab60-7c9fc70ac288,2026-10-05T05:13:52Z,s2r,false,false,false
1442,04c15b16-72af-4b3c-88b9-8155ffe27889,2026-10-05T05:14:05Z,s2m,false,true,false
1443,0874f34a-be77-4aa7-a014-3c31b6211155,2026-10-05T05:14:15Z,s2r,false,false,false
1444,4a2e0b19-847a-485f-88ff-a0ff19144a85,2026-10-05T05:14:15Z,s2r,true,false,false
1445,a79c9835-df3b-4342-92f1-2b4a738d2e32,2026-10-05T05:14:25Z,s2r,false,false,false
1446,016e74ed-9ac2-4a34-972b-ae66e54e36f9,2026-10-05T05:14:36Z,s2r,false,false,false
1447,cfd2213c-95a0-4814-ab60-7c9fc70ac288,2026-10-05T05:14:36Z,s2r,true,true,false
1448,04c15b16-72af-4b3c-88b9-8155ffe27889,2026-10-05T05:14:36Z,s2m,true,true,false
1449,0874f34a-be77-4aa7-a014-3c31b6211155,2026-10-05T05:15:03Z,s2r,false,true,false
1450,fa29503b-11ef-4974-8b71-f878864481f0,2026-10-05T05:15:15Z,s2m,false,false,false
1451,a79c9835-df3b-4342-92f1-2b4a738d2e32,2026-10-05T05:15:15Z,s2r,true,true,false
1452,016e74ed-9ac2-4a34-972b-ae66e54e36f9,2026-10-05T05:15:15Z,s2r,true,true,false
1453,90d08a71-c808-47ca-88e8-27820bace740,2026-10-05T05:15:15Z,s2r,true,false,false
1454,d71352be-4849-4a8a-bb2b-5d13737e79ef,2026-10-05T05:15:26Z,s2r,false,false,false
1455,0874f34a-be77-4aa7-a014-3c31b6211155,2026-10-05T05:15:26Z,s2r,true,true,false
1456,fa29503b-11ef-4974-8b71-f878864481f0,2026-10-05T05:15:26Z,s2m,true,true,false
1457,67614dcc-6eb7-4e00-9938-cb6dfe634933,2026-10-05T05:15:32Z,s2r,true,false,false
1458,d518a4ba-aa27-4ce6-8330-13ecacfe7057,2026-10-05T05:15:53Z,s2r,false,false,false
1459,f866e10a-ffda-47e4-acb9-c947f5551100,2026-10-05T05:16:01Z,r2m,false,false,false
1460,d71352be-4849-4a8a-bb2b-5d13737e79ef,2026-10-05T05:16:01Z,s2r,true,true,false
1461,426a5f0a-3e77-4c4d-ae7e-eb3e71f88fd5,2026-10-05T05:16:13Z,s2r,true,false,false
1462,86bc14f7-f7ea-4080-9e47-bed6e71c1754,2026-10-05T05:16:13Z,s2r,true,false,false
1463,4ae96aff-ec06-4adb-abdb-bb97afa81766,2026-10-05T05:16:13Z,s2r,true,false,false
1464,d518a4ba-aa27-4ce6-8330-13ecacfe7057,2026-10-05T05:16:13Z,s2r,true,true,false
1465,f866e10a-ffda-47e4-acb9-c947f5551100,2026-10-05T05:16:18Z,r2m,false,true,false
1466,f62cfb7d-c293-4bcb-93d2-685d747aa351,2026-10-05T05:16:27Z,s2r,false,false,false
1467,331c5024-3375-4413-b0d7-a90b724401f4,2026-10-05T05:16:46Z,s2r,false,false,false
1468,b367a886-bb4a-4e28-8f39-cf07769419e4,2026-10-05T05:16:46Z,r2m,true,false,false
1469,2abbdd7e-f4b3-4e71-b37e-bf3b7c3e7e5f,2026-10-05T05:16:46Z,s2m,true,false,false
1470,4a5e2838-a5e8-475b-89b5-22bdda1913fa,2026-10-05T05:16:46Z,s2r,false,false,false
1471,f866e10a-ffda-47e4-acb9-c947f5551100,2026-10-05T05:16:46Z,r2m,true,true,false
1472,f62cfb7d-c293-4bcb-93d2-685d747aa351,2026-10-05T05:16:57Z,s2r,true,true,false
1473,331c5024-3375-4413-b0d7-a90b724401f4,2026-10-05T05:16:57Z,s2r,true,true,false
1474,c3489a7e-98a8-4159-a24d-0abaaad10f21,2026-10-05T05:17:11Z,s2r,false,false,false
1475,ca7784a4-9b54-4136-9f2d-30694bd23769,2026-10-05T05:17:11Z,s2m,true,false,false
1476,4a5e2838-a5e8-475b-89b5-22bdda1913fa,2026-10-05T05:17:11Z,s2r,true,true,false
1477,a72a69f1-6b26-4709-b331-ade1938227e3,2026-10-05T05:17:22Z,s2r,false,false,false
1478,45c85de0-5aff-4a3a-9bed-e94ab9db6b79,2026-10-05T05:17:39Z,s2r,false,false,false
1479,1d7a3c60-0591-4257-bf76-619570ee870e,2026-10-05T05:17:39Z,s2m,true,false,false
1480,c3489a7e-98a8-4159-a24d-0abaaad10f21,2026-10-05T05:17:39Z,s2r,true,true,false
1481,c37d9fd9-c3d7-458b-97d0-d23c45406f11,2026-10-05T05:17:39Z,s2m,true,false,false
1482,86fc11ff-477a-4cbb-b723-4d93a845de6e,2026-10-05T05:17:39Z,s2r,true,false,false
1483,a72a69f1-6b26-4709-b331-ade1938227e3,2026-10-05T05:17:47Z,s2r,true,true,false
1484,45c85de0-5aff-4a3a-9bed-e94ab9db6b79,2026-10-05T05:17:56Z,s2r,true,true,false
1485,8260ca29-ac42-45bd-beaf-d6ec1b187a9e,2026-10-05T05:17:56Z,s2r,true,false,false
1486,2e91341d-2870-47e1-b202-854fcbb610b0,2026-10-05T05:18:02Z,s2r,true,false,false
1487,378ffa77-1e1b-4eaa-aed8-c11700cd7afa,2026-10-05T05:18:12Z,s2r,false,false,false
1488,175878ca-75ee-4d9d-8ef0-656fb172dc2c,2026-10-05T05:18:17Z,s2m,true,false,false
1489,bfb4bf85-6818-475f-9202-0c3011f6b4b3,2026-10-05T05:18:24Z,s2r,true,false,false
1490,98d2469c-fc46-40aa-9c4e-713224552b2b,2026-10-05T05:18:31Z,s2m,false,false,false
1491,cade6539-68ae-450f-a1ed-1be8ab04979c,2026-10-05T05:18:43Z,s2r,true,false,false
1492,f765fe72-69d2-4135-a390-13b4ef26323c,2026-10-05T05:18:43Z,r2m,true,false,false
1493,378ffa77-1e1b-4eaa-aed8-c11700cd7afa,2026-10-05T05:18:43Z,s2r,true,true,false
1494,a64949d7-d462-4eec-b6f5-0b2062241abb,2026-10-05T05:18:43Z,s2r,true,false,false
1495,be8bb945-08cc-457f-b903-6897f2f19adc,2026-10-05T05:18:43Z,s2r,true,false,false
1496,98d2469c-fc46-40aa-9c4e-713224552b2b,2026-10-05T05:18:51Z,s2m,true,true,false
1497,fad41c6a-1e15-40ac-8e9a-a308a5df073f,2026-10-05T05:19:05Z,s2r,false,false,false
1498,4a81df6f-a67f-4752-9b1a-e559608836ba,2026-10-05T05:19:05Z,s2m,true,false,false
1499,95ba74b4-9ad1-4115-9735-c3caa55b9165,2026-10-05T05:19:05Z,s2r,true,false,false
1500,6bed5a71-96ca-46e3-aac1-460757b26ab6,2026-10-05T05:19:15Z,s2r,true,false,false
1501,d8063e97-9d37-40b7-b1ae-93a4f96cd808,2026-10-05T05:19:27Z,s2r,true,false,false
1502,027830cb-29e4-4fd2-a678-6a8747e6c9f8,2026-10-05T05:19:36Z,s2r,false,false,false
1503,fad41c6a-1e15-40ac-8e9a-a308a5df073f,2026-10-05T05:19:43Z,s2r,true,true,false
1504,970d04b9-80f7-4dce-b35f-fd1bdeadff6f,2026-10-05T05:19:52Z,s2r,false,false,false
1505,22196243-80c4-44ff-9236-9e32d0eb4604,2026-10-05T05:19:52Z,s2m,true,false,false
1506,3b6b9bfd-c321-4d64-96ab-d8a43923ef8c,2026-10-05T05:19:57Z,s2r,true,false,false
1507,07b62d95-1883-4989-982f-efa2ea7527f4,2026-10-05T05:20:12Z,s2r,false,false,false
1508,027830cb-29e4-4fd2-a678-6a8747e6c9f8,2026-10-05T05:20:12Z,s2r,true,true,false
1509,3f044eca-802a-46db-b48e-f586140a47fa,2026-10-05T05:20:12Z,s2m,true,false,false
1510,970d04b9-80f7-4dce-b35f-fd1bdeadff6f,2026-10-05T05:20:12Z,s2r,true,true,false
1511,37e12c4d-946b-45a2-af45-7e54166ac386,2026-10-05T05:20:24Z,s2r,false,false,false
1512,cdd050a5-c256-48ee-9d6f-4ccff36d718b,2026-10-05T05:20:34Z,s2r,false,false,false
1513,07b62d95-1883-4989-982f-efa2ea7527f4,2026-10-05T05:20:34Z,s2r,true,true,false
1514,6c6777c5-0692-444b-a364-ac58f17192a0,2026-10-05T05:20:34Z,s2r,true,false,false
1515,24ed7835-941e-4759-b40c-ef085193d59a,2026-10-05T05:20:51Z,s2r,false,false,false
1516,37e12c4d-946b-45a2-af45-7e54166ac386,2026-10-05T05:20:51Z,s2r,true,true,false
1517,cdd050a5-c256-48ee-9d6f-4ccff36d718b,2026-10-05T05:20:51Z,s2r,true,true,false
1518,24ed7835-941e-4759-b40c-ef085193d59a,2026-10-05T05:20:51Z,s2r,true,true,false
1519,d2564a6d-01b0-4230-ab32-116a90c7585e,2026-10-06T00:03:04Z,s2r,true,false,false
1520,f5932f68-2285-4e8c-a731-e6d1daa690d4,2026-10-06T00:03:04Z,s2r,true,false,false
1521,49dcaefd-7255-4f5e-a7a5-932064bca464,2026-10-06T00:03:04Z,s2r,true,false,false
1522,45c85de0-5aff-4a3a-9bed-e94ab9db6b79,2026-10-06T00:03:04Z,s2r,true,false,false
1523,98d2469c-fc46-40aa-9c4e-713224552b2b,2026-10-06T00:03:04Z,s2m,true,false,false
1524,5e21e1f5-12bc-486c-9c1f-e87f7a103d48,2026-10-06T00:03:18Z,s2r,true,false,false
1525,3733c6f6-af97-4fb9-a9d0-3bbafde5ee0c,2026-10-06T00:03:18Z,s2m,true,false,false
1526,f45e2983-d936-4269-95d4-c2cef6e6988f,2026-10-06T00:03:18Z,s2m,true,false,false
1527,efd037fd-bb72-48e8-9e52-1465d4766a9e,2026-10-06T00:03:42Z,s2r,false,false,false
1528,a89454ac-6a05-4ed0-a42f-a76295f51b1e,2026-10-06T00:03:42Z,s2r,true,false,false
1529,cfd2213c-95a0-4814-ab60-7c9fc70ac288,2026-10-06T00:03:42Z,s2r,true,false,false
1530,d71352be-4849-4a8a-bb2b-5d13737e79ef,2026-10-06T00:03:42Z,s2r,true,false,false
1531,d518a4ba-aa27-4ce6-8330-13ecacfe7057,2026-10-06T00:03:42Z,s2r,true,false,false
1532,f62cfb7d-c293-4bcb-93d2-685d747aa351,2026-10-06T00:03:55Z,s2r,true,false,false
1533,efd037fd-bb72-48e8-9e52-1465d4766a9e,2026-10-06T00:03:55Z,s2r,true,true,false
1534,331c5024-3375-4413-b0d7-a90b724401f4,2026-10-06T00:03:55Z,s2r,true,false,false
1535,4a5e2838-a5e8-475b-89b5-22bdda1913fa,2026-10-06T00:03:55Z,s2r,true,false,false
1536,c3489a7e-98a8-4159-a24d-0abaaad10f21,2026-10-06T00:03:55Z,s2r,true,false,false
1537,773ad73d-4c44-4089-9106-244947f5a61a,2026-10-06T00:04:08Z,s2m,true,false,false
1538,8f5b5f40-77cd-4755-b148-3acefd135857,2026-10-06T00:04:08Z,s2m,true,false,false
1539,a72a69f1-6b26-4709-b331-ade1938227e3,2026-10-06T00:04:08Z,s2r,true,false,false
1540,f102fc86-5fb4-4be2-ad3a-dd65cf7e9f87,2026-10-06T00:04:26Z,s2r,false,false,false
1541,378ffa77-1e1b-4eaa-aed8-c11700cd7afa,2026-10-06T00:04:26Z,s2r,true,false,false
1542,df847d6a-88b9-4326-8dfa-d3674547da57,2026-10-06T00:04:42Z,s2r,true,false,false
1543,cdd050a5-c256-48ee-9d6f-4ccff36d718b,2026-10-06T00:04:42Z,s2r,true,false,false
1544,24ed7835-941e-4759-b40c-ef085193d59a,2026-10-06T00:04:42Z,s2r,true,false,false
1545,19ae616a-779b-470e-b564-92e374673fb3,2026-10-06T00:04:42Z,r2m,true,false,false
1546,f102fc86-5fb4-4be2-ad3a-dd65cf7e9f87,2026-10-06T00:04:42Z,s2r,true,true,false
1547,928913bf-48cd-4f2f-ad64-747d03e5a68e,2026-10-06T00:04:53Z,s2r,true,false,false
1548,f93017c2-05ac-4c05-886c-e0b234e507d4,2026-10-06T00:04:53Z,s2r,true,false,false
1549,0874f34a-be77-4aa7-a014-3c31b6211155,2026-10-06T00:05:08Z,s2r,false,false,false
1550,a79c9835-df3b-4342-92f1-2b4a738d2e32,2026-10-06T00:05:08Z,s2r,true,false,false
1551,016e74ed-9ac2-4a34-972b-ae66e54e36f9,2026-10-06T00:05:08Z,s2r,true,false,false
1552,fa29503b-11ef-4974-8b71-f878864481f0,2026-10-06T00:05:08Z,s2m,true,false,false
1553,f866e10a-ffda-47e4-acb9-c947f5551100,2026-10-06T00:05:15Z,r2m,true,false,false
1554,fad41c6a-1e15-40ac-8e9a-a308a5df073f,2026-10-06T00:05:28Z,s2r,true,false,false
1555,0874f34a-be77-4aa7-a014-3c31b6211155,2026-10-06T00:05:28Z,s2r,true,true,false
1556,ad395854-6c18-4385-b5d1-c0da9a83d889,2026-10-06T00:05:28Z,s2m,true,false,false
1557,f4b3b560-471e-4645-8ae5-4c857690481d,2026-10-06T00:05:28Z,s2m,true,false,false
1558,ad293ff3-7546-4c1e-8394-dbfb4de6762b,2026-10-06T00:05:28Z,s2r,true,false,false
1559,b511fe1f-2669-4ac7-9326-563f649837c7,2026-10-06T00:05:35Z,s2r,true,false,false
1560,04c15b16-72af-4b3c-88b9-8155ffe27889,2026-10-06T00:05:53Z,s2m,false,false,false
1561,027830cb-29e4-4fd2-a678-6a8747e6c9f8,2026-10-06T00:05:53Z,s2r,true,false,false
1562,970d04b9-80f7-4dce-b35f-fd1bdeadff6f,2026-10-06T00:05:53Z,s2r,true,false,false
1563,07b62d95-1883-4989-982f-efa2ea7527f4,2026-10-06T00:05:53Z,s2r,true,false,false
1564,37e12c4d-946b-45a2-af45-7e54166ac386,2026-10-06T00:05:53Z,s2r,true,false,false
1565,9b8f150a-d405-4286-b4f7-ae9c4e0bb970,2026-10-06T00:06:13Z,r2m,true,false,false
1566,04c15b16-72af-4b3c-88b9-8155ffe27889,2026-10-06T00:06:13Z,s2m,true,true,false
1567,cb6f6f56-4598-414d-82ba-e4a7fe28cdf0,2026-10-06T00:06:13Z,s2r,true,false,false
1568,503819fb-b02e-46fa-9cfa-c8eab5390d30,2026-10-06T00:06:13Z,r2m,true,false,false
1569,cc6cb1ec-94d8-46ce-9639-73e95be71046,2026-10-06T00:06:24Z,s2m,true,false,false
1570,fae3e19b-9edb-45c7-a09e-08ff546f57a8,2026-10-06T00:06:24Z,s2r,true,false,false
1571,64202700-180f-4bf8-8304-6df107b7b2cf,2026-10-06T00:06:24Z,s2r,true,false,false
1572,9c515bd6-5f43-4245-a60c-45ee317cadd4,2026-10-06T00:06:35Z,s2r,false,false,false
1573,9a8196f0-605c-4d5d-82da-6688980d802c,2026-10-06T00:06:40Z,s2r,true,false,false
1574,5f77befc-dfa9-41fc-830a-43e760f70362,2026-10-06T00:06:57Z,s2m,false,false,false
1575,df114fac-1c22-449c-86ed-dc7e55e69400,2026-10-06T00:06:57Z,r2m,true,false,false
1576,9fb3d078-1b97-476a-9f27-cd01245d6d24,2026-10-06T00:06:57Z,r2m,true,false,false
1577,1ab11520-1cc5-45af-9466-3ffe1f50ccba,2026-10-06T00:07:10Z,s2r,true,false,false
1578,9c515bd6-5f43-4245-a60c-45ee317cadd4,2026-10-06T00:07:10Z,s2r,true,true,false
1579,87ba8906-dd80-41b8-bb9a-3a75f9b65e30,2026-10-06T00:07:10Z,s2r,true,false,false
1580,5f77befc-dfa9-41fc-830a-43e760f70362,2026-10-06T00:07:17Z,s2m,true,true,false
1581,287ada00-c554-42ee-a8c6-a26a86af57ed,2026-10-06T00:07:41Z,s2r,true,false,false
1582,7e30e6d8-5da9-4727-bb20-07fc5a65033a,2026-10-06T00:07:41Z,r2m,true,false,false
1583,f087f28d-daa8-4f0a-9ce8-b473537c5e27,2026-10-06T00:07:52Z,s2r,true,false,false
1584,5358a0c1-67a6-48a8-a4a0-b679c7914a3a,2026-10-06T00:08:10Z,s2r,false,false,false
1585,45f70b5d-b78e-4a22-9041-2c89be0b8c7a,2026-10-06T00:08:22Z,s2m,false,false,false
1586,f6da4dd6-5127-468f-944d-ceb0b260f5db,2026-10-06T00:08:31Z,s2r,true,false,false
1587,ab1dddde-211d-4370-ae13-af331eb47588,2026-10-06T00:08:42Z,s2r,false,false,false
1588,e5aa4c55-6cc9-4a54-b378-3bec934b04b5,2026-10-06T00:08:56Z,s2r,true,false,false
1589,c8d1e469-5e86-46a9-be07-960507a45f08,2026-10-06T00:08:56Z,s2m,true,false,false
1590,5358a0c1-67a6-48a8-a4a0-b679c7914a3a,2026-10-06T00:08:56Z,s2r,true,true,false
1591,45f70b5d-b78e-4a22-9041-2c89be0b8c7a,2026-10-06T00:09:02Z,s2m,true,true,false
1592,7a7313ef-ac73-41c9-bc4e-d9ca59f0a425,2026-10-06T00:09:17Z,s2r,false,false,false
1593,ab1dddde-211d-4370-ae13-af331eb47588,2026-10-06T00:09:17Z,s2r,true,true,false
1594,77951b96-b405-4356-8a1e-5749004fc936,2026-10-06T00:09:17Z,s2r,true,false,false
1595,284e6570-ff93-4c29-a114-85e08dea35ff,2026-10-06T00:09:31Z,s2r,true,false,false
1596,fcac34ae-2374-4fe6-99a6-57eb1990c71f,2026-10-06T00:09:47Z,s2r,false,false,false
1597,d6f8cd36-ed62-4274-89f4-04869e6a4fa4,2026-10-06T00:09:47Z,s2r,true,false,false
1598,7a7313ef-ac73-41c9-bc4e-d9ca59f0a425,2026-10-06T00:09:47Z,s2r,true,true,false
1599,0853c324-ebad-4417-855c-d6d1a813f7d1,2026-10-06T00:09:47Z,s2m,true,false,false
1600,a09391ae-9a37-451c-ac02-7de758402b1b,2026-10-06T00:09:47Z,r2m,true,false,false
1601,6aac2ba3-4a24-4685-b230-ec5bdaac07a3,2026-10-06T00:10:02Z,s2r,true,false,false
1602,fcac34ae-2374-4fe6-99a6-57eb1990c71f,2026-10-06T00:10:02Z,s2r,true,true,false
1603,5cee2051-d963-4419-b940-cd5df4d7b491,2026-10-06T00:10:02Z,s2m,true,false,false
1604,50fdd69a-4fc1-4dcd-b0ec-66dec0d3bb41,2026-10-06T00:10:02Z,s2m,true,false,false
1605,609d9e9f-a49d-41bd-b32e-ab6c28a5ba0c,2026-10-06T00:10:02Z,s2r,true,false,false
1606,2c3cd660-792e-4b50-9b8f-068b4c8c6126,2026-10-06T00:10:19Z,s2m,true,false,false
1607,361dd154-83bc-40d0-9c36-848edd31db41,2026-10-06T00:10:19Z,s2r,true,false,false
1608,20069932-9dbe-4192-a2f5-deb46ce04cda,2026-10-06T00:10:19Z,s2m,true,false,false
1609,8a8f6a4f-07fc-4f94-8603-270f4f01fcf9,2026-10-06T00:10:19Z,s2r,true,false,false
1610,fc008c02-9790-4c97-8701-85dcaad70c18,2026-10-06T00:10:19Z,s2r,true,false,false
1611,e9bd1887-ab30-4514-bfa2-3f3a3c05e29b,2026-10-06T00:10:22Z,r2m,true,false,false
1612,9c515bd6-5f43-4245-a60c-45ee317cadd4,2026-10-06T23:58:03Z,s2r,true,false,false
1613,efd037fd-bb72-48e8-9e52-1465d4766a9e,2026-10-06T23:58:03Z,s2r,true,false,false
1614,321c6af6-653a-4a7b-945d-a739fd5edd79,2026-10-06T23:58:03Z,learn,true,false,false
1615,583f9e81-345e-4771-ac9a-17ba0cccb332,2026-10-06T23:58:03Z,learn,true,false,false
1616,a5c3a446-108c-4212-b831-e083ca99c0ee,2026-10-06T23:58:03Z,learn,true,false,false
1617,8cc7c961-0a49-40c6-bfd4-f893ad64e5a0,2026-10-06T23:58:14Z,learn,true,false,false
1618,fc5008cb-171d-49e0-81d8-0d9c7f002898,2026-10-06T23:58:14Z,learn,true,false,false
1619,321c6af6-653a-4a7b-945d-a739fd5edd79,2026-10-06T23:58:14Z,s2r,true,false,false
1620,583f9e81-345e-4771-ac9a-17ba0cccb332,2026-10-06T23:58:14Z,s2r,true,false,false
1621,a5c3a446-108c-4212-b831-e083ca99c0ee,2026-10-06T23:58:14Z,s2r,true,false,false
1622,8cc7c961-0a49-40c6-bfd4-f893ad64e5a0,2026-10-06T23:58:30Z,s2r,true,false,false
1623,fc5008cb-171d-49e0-81d8-0d9c7f002898,2026-10-06T23:58:30Z,s2r,true,false,false
1624,5f77befc-dfa9-41fc-830a-43e760f70362,2026-10-06T23:58:30Z,s2m,true,false,false
1625,f102fc86-5fb4-4be2-ad3a-dd65cf7e9f87,2026-10-06T23:58:58Z,s2r,false,false,false
1626,ff63124f-db50-4d32-9c41-de3df977a93d,2026-10-06T23:58:58Z,learn,true,false,false
1627,26a51eb4-35e3-48be-8fe1-d15f4bfdef7b,2026-10-06T23:58:58Z,learn,true,false,false
1628,c187713b-4859-4e94-b9af-5cc84faa25cb,2026-10-06T23:58:58Z,learn,true,false,false
1629,7d36badc-40e8-4a75-8697-147eb8dae6a4,2026-10-06T23:58:58Z,learn,true,false,false
1630,06985d4c-ca3d-4efa-a9b8-260cecdc9eab,2026-10-06T23:59:05Z,learn,true,false,false
1631,f102fc86-5fb4-4be2-ad3a-dd65cf7e9f87,2026-10-06T23:59:13Z,s2r,true,true,false
1632,ff63124f-db50-4d32-9c41-de3df977a93d,2026-10-06T23:59:13Z,s2r,true,false,false
1633,26a51eb4-35e3-48be-8fe1-d15f4bfdef7b,2026-10-06T23:59:13Z,s2r,true,false,false
1634,c187713b-4859-4e94-b9af-5cc84faa25cb,2026-10-06T23:59:13Z,s2r,true,false,false
1635,7d36badc-40e8-4a75-8697-147eb8dae6a4,2026-10-06T23:59:13Z,s2r,true,false,false
1636,06985d4c-ca3d-4efa-a9b8-260cecdc9eab,2026-10-06T23:59:19Z,s2r,true,false,false
1637,0874f34a-be77-4aa7-a014-3c31b6211155,2026-10-06T23:59:36Z,s2r,true,false,false
1638,4510eea0-343d-4bfc-aa6e-2e6128c88491,2026-10-06T23:59:36Z,learn,true,false,false
1639,b34f3ab7-e91f-4c7d-aa2a-223abb1819e6,2026-10-06T23:59:36Z,learn,true,false,false
1640,f38061e5-f014-4052-917e-951a0c7e6549,2026-10-06T23:59:36Z,learn,true,false,false
1641,2d3c40c6-857e-4631-a8c6-c17856e1002e,2026-10-06T23:59:36Z,learn,true,false,false
1642,3c50a54a-b9c0-4777-a5c8-1f9936ef3401,2026-10-06T23:59:44Z,learn,true,false,false
1643,4510eea0-343d-4bfc-aa6e-2e6128c88491,2026-10-06T23:59:53Z,s2r,true,false,false
1644,b34f3ab7-e91f-4c7d-aa2a-223abb1819e6,2026-10-06T23:59:53Z,s2r,true,false,false
1645,f38061e5-f014-4052-917e-951a0c7e6549,2026-10-06T23:59:53Z,s2r,true,false,false
1646,2d3c40c6-857e-4631-a8c6-c17856e1002e,2026-10-07T00:00:01Z,s2r,true,false,false
1647,3c50a54a-b9c0-4777-a5c8-1f9936ef3401,2026-10-07T00:00:01Z,s2r,true,false,false
1648,5358a0c1-67a6-48a8-a4a0-b679c7914a3a,2026-10-07T00:00:15Z,s2r,true,false,false
1649,d6483e58-11c1-4216-91c0-78f969165044,2026-10-07T00:00:15Z,learn,true,false,false
1650,ab219511-b445-4164-bd76-911d806f98fa,2026-10-07T00:00:15Z,learn,true,false,false
1651,1ef48bd0-a7c8-4504-81bb-6da4b118baea,2026-10-07T00:01:34Z,learn,true,false,false
1652,0227e196-9fb1-4d0b-b544-c3b3db01c80e,2026-10-07T00:01:34Z,learn,true,false,false
1653,7f2cbdaf-693e-458e-8943-6ad48c6ce79e,2026-10-07T00:01:34Z,learn,true,false,false
1654,d6483e58-11c1-4216-91c0-78f969165044,2026-10-07T00:01:34Z,s2r,true,false,false
1655,ab219511-b445-4164-bd76-911d806f98fa,2026-10-07T00:01:34Z,s2r,true,false,false
1656,1ef48bd0-a7c8-4504-81bb-6da4b118baea,2026-10-07T00:01:45Z,s2r,true,false,false
1657,0227e196-9fb1-4d0b-b544-c3b3db01c80e,2026-10-07T00:01:45Z,s2r,true,false,false
1658,7f2cbdaf-693e-458e-8943-6ad48c6ce79e,2026-10-07T00:01:45Z,s2r,true,false,false
1659,45f70b5d-b78e-4a22-9041-2c89be0b8c7a,2026-10-07T00:01:57Z,s2m,false,false,false
1660,f65d12ca-5106-4328-8d86-c689424dcab8,2026-10-07T00:01:57Z,learn,true,false,false
1661,60256d32-db55-4699-8971-559b49c863c5,2026-10-07T00:01:57Z,learn,true,false,false
1662,03da5408-e53a-491e-ab44-9b6d7dd1e95c,2026-10-07T00:01:57Z,learn,true,false,false
1663,27b27834-582d-4833-b944-c740b5322547,2026-10-07T00:01:57Z,learn,true,false,false
1664,f29308bf-12d8-488e-a99d-bf410e374bd1,2026-10-07T00:02:06Z,learn,true,false,false
1665,45f70b5d-b78e-4a22-9041-2c89be0b8c7a,2026-10-07T00:02:06Z,s2m,true,true,false
1666,f65d12ca-5106-4328-8d86-c689424dcab8,2026-10-07T00:02:06Z,s2r,true,false,false
1667,60256d32-db55-4699-8971-559b49c863c5,2026-10-07T00:02:06Z,s2m,true,false,false
1668,03da5408-e53a-491e-ab44-9b6d7dd1e95c,2026-10-07T00:02:06Z,s2m,true,false,false
1669,27b27834-582d-4833-b944-c740b5322547,2026-10-07T00:02:25Z,s2r,false,false,false
1670,f29308bf-12d8-488e-a99d-bf410e374bd1,2026-10-07T00:02:25Z,s2r,true,false,false
1671,ab1dddde-211d-4370-ae13-af331eb47588,2026-10-07T00:02:25Z,s2r,true,false,false
1672,9d336629-31a5-453a-9cae-a273076ac2ab,2026-10-07T00:02:25Z,learn,true,false,false
1673,d322e020-04a7-480f-9a91-a8221eeffd10,2026-10-07T00:02:25Z,learn,true,false,false
1674,66e58ea7-ce2d-4656-a1ec-eb87bed9a854,2026-10-07T00:02:34Z,learn,true,false,false
1675,27b27834-582d-4833-b944-c740b5322547,2026-10-07T00:02:34Z,s2r,true,true,false
1676,872f606a-aa04-40ab-a9e3-6c28adc0ef62,2026-10-07T00:02:34Z,learn,true,false,false
1677,27ec7339-86c9-455a-9bfc-a86fdd60344c,2026-10-07T00:02:47Z,learn,true,false,false
1678,9d336629-31a5-453a-9cae-a273076ac2ab,2026-10-07T00:02:47Z,s2r,true,false,false
1679,d322e020-04a7-480f-9a91-a8221eeffd10,2026-10-07T00:02:47Z,s2m,true,false,false
1680,66e58ea7-ce2d-4656-a1ec-eb87bed9a854,2026-10-07T00:02:47Z,s2r,true,false,false
1681,872f606a-aa04-40ab-a9e3-6c28adc0ef62,2026-10-07T00:02:47Z,s2r,true,false,false
1682,27ec7339-86c9-455a-9bfc-a86fdd60344c,2026-10-07T00:02:58Z,s2r,true,false,false
1683,7a7313ef-ac73-41c9-bc4e-d9ca59f0a425,2026-10-07T00:02:58Z,s2r,true,false,false
1684,b8b17924-c0d6-4dca-b1a0-0aa77a62406e,2026-10-07T00:02:58Z,learn,true,false,false
1685,6463a708-80ee-4f3e-960d-4cbb18c540d6,2026-10-07T00:02:58Z,learn,true,false,false
1686,f8c02ca5-abf6-4670-93bf-8e5dcf05e024,2026-10-07T00:02:58Z,learn,true,false,false
1687,6d4cf48e-e59a-4df1-88ca-03b4776343ee,2026-10-07T00:03:06Z,learn,true,false,false
1688,53f41e5d-f979-4517-b8c4-301eec83ea8e,2026-10-07T00:03:06Z,learn,true,false,false
1689,b8b17924-c0d6-4dca-b1a0-0aa77a62406e,2026-10-07T00:03:06Z,s2r,true,false,false
1690,6463a708-80ee-4f3e-960d-4cbb18c540d6,2026-10-07T00:03:06Z,s2r,true,false,false
1691,f8c02ca5-abf6-4670-93bf-8e5dcf05e024,2026-10-07T00:03:06Z,s2r,true,false,false
1692,6d4cf48e-e59a-4df1-88ca-03b4776343ee,2026-10-07T00:03:23Z,s2r,true,false,false
1693,53f41e5d-f979-4517-b8c4-301eec83ea8e,2026-10-07T00:03:23Z,s2r,true,false,false
1694,fcac34ae-2374-4fe6-99a6-57eb1990c71f,2026-10-07T00:03:38Z,s2r,true,false,false
1695,8f5449b4-6ad3-49b7-92bd-26c7e24e249e,2026-10-07T00:03:38Z,learn,true,false,false
1696,8f5449b4-6ad3-49b7-92bd-26c7e24e249e,2026-10-07T00:03:38Z,s2r,true,false,false
1697,04c15b16-72af-4b3c-88b9-8155ffe27889,2026-10-07T00:03:44Z,s2m,false,false,false
1698,04c15b16-72af-4b3c-88b9-8155ffe27889,2026-10-07T00:03:44Z,s2m,true,true,false
1719,3c50a54a-b9c0-4777-a5c8-1f9936ef3401,2026-10-08T00:17:22Z,s2m,true,false,false
1720,d6483e58-11c1-4216-91c0-78f969165044,2026-10-08T00:17:22Z,s2r,true,false,false
1721,321c6af6-653a-4a7b-945d-a739fd5edd79,2026-10-08T00:17:22Z,s2r,true,false,false
1722,8cc7c961-0a49-40c6-bfd4-f893ad64e5a0,2026-10-08T00:17:32Z,s2m,true,false,false
1723,ffc1b609-b4b9-4859-ae81-48c5367cf9e6,2026-10-08T00:17:32Z,s2r,true,false,false
1724,a86429c3-f18e-4dcd-b280-99cce2ba3567,2026-10-08T00:17:32Z,s2m,true,false,false
1725,79fcb687-27b8-4571-84d4-d49c2aec487d,2026-10-08T00:17:32Z,s2r,true,false,false
1726,8adb3871-17e8-42e8-af5f-6dffbfc16695,2026-10-08T00:17:32Z,s2r,true,false,false
1727,7ecceb08-c043-45a9-b5dd-0aa66a40b6a3,2026-10-08T00:17:40Z,s2r,false,false,false
1728,1c552d1b-1346-4f6d-80fd-0e494ecea4ac,2026-10-08T00:18:35Z,s2m,true,false,false
1729,f102fc86-5fb4-4be2-ad3a-dd65cf7e9f87,2026-10-08T00:18:35Z,s2r,true,false,false
1730,ff63124f-db50-4d32-9c41-de3df977a93d,2026-10-08T00:18:35Z,s2m,true,false,false
1731,45f70b5d-b78e-4a22-9041-2c89be0b8c7a,2026-10-08T00:18:35Z,s2m,true,false,false
1732,24eba4dc-44bb-4343-bb63-566d33837b5f,2026-10-08T00:18:51Z,s2r,false,false,false
1733,7ecceb08-c043-45a9-b5dd-0aa66a40b6a3,2026-10-08T00:18:51Z,s2r,true,true,false
1734,db1d7c6d-7c15-42a5-8f49-c8b562353157,2026-10-08T00:18:57Z,s2r,true,false,false
1735,c6c4dd31-d168-419b-8b3e-8cfda809f97f,2026-10-08T00:19:10Z,s2r,true,false,false
1736,f55ce1dc-0811-4c70-a056-84f583389392,2026-10-08T00:19:10Z,s2r,true,false,false
1737,06985d4c-ca3d-4efa-a9b8-260cecdc9eab,2026-10-08T00:19:10Z,r2m,true,false,false
1738,24eba4dc-44bb-4343-bb63-566d33837b5f,2026-10-08T00:19:10Z,s2r,true,true,false
1739,4510eea0-343d-4bfc-aa6e-2e6128c88491,2026-10-08T00:19:58Z,s2m,false,false,false
1740,2d3c40c6-857e-4631-a8c6-c17856e1002e,2026-10-08T00:19:58Z,s2r,true,false,false
1741,04c15b16-72af-4b3c-88b9-8155ffe27889,2026-10-08T00:20:11Z,s2m,true,false,false
1742,583f9e81-345e-4771-ac9a-17ba0cccb332,2026-10-08T00:20:11Z,s2r,true,false,false
1743,a5c3a446-108c-4212-b831-e083ca99c0ee,2026-10-08T00:20:11Z,r2m,true,false,false
1744,fc5008cb-171d-49e0-81d8-0d9c7f002898,2026-10-08T00:20:11Z,r2m,true,false,false
1745,4510eea0-343d-4bfc-aa6e-2e6128c88491,2026-10-08T00:20:11Z,s2m,true,true,false
1746,26a51eb4-35e3-48be-8fe1-d15f4bfdef7b,2026-10-08T00:20:24Z,s2m,true,false,false
1747,c187713b-4859-4e94-b9af-5cc84faa25cb,2026-10-08T00:20:24Z,s2r,true,false,false
1748,7d36badc-40e8-4a75-8697-147eb8dae6a4,2026-10-08T00:20:24Z,s2m,true,false,false
1749,b34f3ab7-e91f-4c7d-aa2a-223abb1819e6,2026-10-08T00:20:24Z,s2r,true,false,false
1750,f38061e5-f014-4052-917e-951a0c7e6549,2026-10-08T00:20:24Z,s2r,true,false,false
1751,ab219511-b445-4164-bd76-911d806f98fa,2026-10-08T00:20:39Z,s2r,true,false,false
1752,1ef48bd0-a7c8-4504-81bb-6da4b118baea,2026-10-08T00:20:39Z,r2m,true,false,false
1753,0227e196-9fb1-4d0b-b544-c3b3db01c80e,2026-10-08T00:20:39Z,s2r,true,false,false
1754,7f2cbdaf-693e-458e-8943-6ad48c6ce79e,2026-10-08T00:20:39Z,s2m,true,false,false
1755,f65d12ca-5106-4328-8d86-c689424dcab8,2026-10-08T00:20:39Z,s2r,true,false,false
1756,60256d32-db55-4699-8971-559b49c863c5,2026-10-08T00:20:50Z,s2m,true,false,false
1757,03da5408-e53a-491e-ab44-9b6d7dd1e95c,2026-10-08T00:20:50Z,s2m,true,false,false
1758,27b27834-582d-4833-b944-c740b5322547,2026-10-08T00:20:50Z,s2r,true,false,false
1759,f29308bf-12d8-488e-a99d-bf410e374bd1,2026-10-08T00:20:58Z,s2m,true,false,false
1760,9d336629-31a5-453a-9cae-a273076ac2ab,2026-10-08T00:20:58Z,s2r,true,false,false
1761,d322e020-04a7-480f-9a91-a8221eeffd10,2026-10-08T00:20:58Z,s2m,true,false,false
1762,66e58ea7-ce2d-4656-a1ec-eb87bed9a854,2026-10-08T00:20:58Z,s2m,true,false,false
1763,872f606a-aa04-40ab-a9e3-6c28adc0ef62,2026-10-08T00:20:58Z,r2m,true,false,false
1764,27ec7339-86c9-455a-9bfc-a86fdd60344c,2026-10-08T00:21:13Z,s2r,true,false,false
1765,b8b17924-c0d6-4dca-b1a0-0aa77a62406e,2026-10-08T00:21:13Z,r2m,true,false,false
1766,6463a708-80ee-4f3e-960d-4cbb18c540d6,2026-10-08T00:21:13Z,s2m,true,false,false
1767,f8c02ca5-abf6-4670-93bf-8e5dcf05e024,2026-10-08T00:21:13Z,s2m,true,false,false
1768,6d4cf48e-e59a-4df1-88ca-03b4776343ee,2026-10-08T00:21:24Z,s2r,true,false,false
1769,53f41e5d-f979-4517-b8c4-301eec83ea8e,2026-10-08T00:21:24Z,s2r,true,false,false
1770,8f5449b4-6ad3-49b7-92bd-26c7e24e249e,2026-10-08T00:21:39Z,s2m,true,false,false
1771,51340b87-1742-4521-9bc1-827b9a8bc6b1,2026-10-08T00:21:39Z,s2r,true,false,false
1772,853da365-46f3-4530-baa0-69a4d57d3d89,2026-10-08T00:21:39Z,s2m,true,false,false
1773,b0d7fee1-5895-472b-93b1-e4a978fedc2b,2026-10-08T00:21:39Z,s2r,true,false,false
1774,a8acc782-976d-4dbd-a5c0-897e4a34b0c3,2026-10-08T00:21:52Z,r2m,false,false,false
1775,235e4ea8-9e01-45d8-85be-ae2b0e5cd871,2026-10-08T00:22:00Z,s2m,true,false,false
1776,08373eee-a54e-4a0a-8f13-110376ed7232,2026-10-08T00:22:14Z,r2m,true,false,false
1777,408cf9a7-452f-4520-9b6b-73f452235553,2026-10-08T00:22:14Z,r2m,true,false,false
1778,a9cc6e20-46ab-4d5b-9e2d-298ef32f102a,2026-10-08T00:22:14Z,r2m,true,false,false
1779,4b311383-78f9-493d-98b8-fb978c2cdba3,2026-10-08T00:22:14Z,s2r,true,false,false
1780,a8acc782-976d-4dbd-a5c0-897e4a34b0c3,2026-10-08T00:22:20Z,r2m,true,true,false
1781,f2f6cc47-89fa-40e9-a721-3b124439e84d,2026-10-08T00:22:30Z,s2r,true,false,false
1782,226f7c45-6679-406e-a9f0-61745cfe1971,2026-10-08T00:22:30Z,s2r,true,false,false
1783,6468acfb-6f76-4884-bcb5-52ba519826aa,2026-10-08T00:22:39Z,s2m,true,false,false
1784,b929f19b-d947-4c9a-a808-1f5ecbf030f6,2026-10-08T00:22:39Z,s2r,true,false,false
1785,5b9280c3-aea3-4c8b-8f35-a2d56484fadb,2026-10-08T00:22:44Z,s2m,true,false,false
1786,db110547-5c5d-47d4-b473-6d4c144a8568,2026-10-08T00:22:52Z,s2m,true,false,false
1787,5381da40-32cc-4f6b-a9c3-e0f89c6d44dc,2026-10-08T00:22:52Z,r2m,true,false,false
1788,5234469f-f60f-463d-8107-a808abda2908,2026-10-08T00:23:13Z,s2r,true,false,false
1789,23570e3b-9a24-49a0-a39a-dce8243f35e0,2026-10-08T00:23:26Z,s2r,true,false,false
1790,c6bc1adc-b677-4fbb-a809-6221fb0b30fd,2026-10-08T00:23:26Z,s2r,true,false,false
1791,d2e96b37-73de-4df6-aa3f-a71ee6260bed,2026-10-08T00:23:26Z,s2r,true,false,false
1792,50a44877-5ff1-4905-a987-206f840a0f01,2026-10-08T00:23:26Z,s2m,true,false,false
1793,a1ba2a2d-c916-4936-b194-b69baa208602,2026-10-08T00:23:42Z,s2m,true,false,false
1794,ab6ef410-10d1-43b6-8559-f6cd0c424bab,2026-10-08T00:23:42Z,r2m,true,false,false
1795,c27fbc32-6582-4d36-bbc5-b4b52d926622,2026-10-08T00:23:42Z,s2r,true,false,false
1796,9d1c95d2-ad32-4b4b-8ab4-9bb7b17bab68,2026-10-08T00:23:42Z,s2r,true,false,false
1797,a88c5034-a927-4b90-b16b-becfa016b9bd,2026-10-08T00:23:42Z,s2m,true,false,false
1798,5026e53e-d351-4b05-9831-62270b6aa377,2026-10-08T00:23:45Z,s2r,true,false,false
1799,50ed53e4-7dd0-4f70-8ee4-9099547d5f41,2026-10-08T00:23:45Z,s2r,true,false,false
1800,050348a1-250e-4e73-8222-bf5425f30377,2026-10-08T02:08:45Z,learn,true,false,false
1801,ba323b26-4e84-40e9-9f41-304fbc10f365,2026-10-08T02:08:45Z,learn,true,false,false
1802,bfb08c43-6ebb-455c-86fd-758be5d0d84a,2026-10-08T02:08:45Z,learn,true,false,false
1803,d00d1b43-8473-4536-addf-7d80463481fe,2026-10-08T02:08:45Z,learn,true,false,false
1804,a3375ffe-e153-4aba-87b1-5c58cc97ec23,2026-10-08T02:08:45Z,learn,true,false,false
1805,050348a1-250e-4e73-8222-bf5425f30377,2026-10-08T02:09:02Z,s2r,true,false,false
1806,ba323b26-4e84-40e9-9f41-304fbc10f365,2026-10-08T02:09:02Z,s2r,true,false,false
1807,bfb08c43-6ebb-455c-86fd-758be5d0d84a,2026-10-08T02:09:02Z,s2r,true,false,false
1808,d00d1b43-8473-4536-addf-7d80463481fe,2026-10-08T02:09:02Z,s2r,true,false,false
1809,a3375ffe-e153-4aba-87b1-5c58cc97ec23,2026-10-08T02:09:02Z,s2r,true,false,false
1810,4d46d65f-7ffd-46ec-9e3a-11305c276ffa,2026-10-08T02:09:08Z,learn,true,false,false
1811,9b8a73f9-e463-4bfb-96e7-8a15ed7cf610,2026-10-08T02:09:08Z,learn,true,false,false
1812,93db7a32-0be4-47de-b743-c3af1e2e5bb1,2026-10-08T02:09:08Z,learn,true,false,false
1813,33780d09-a261-4e72-813e-836ca428276d,2026-10-08T02:09:08Z,learn,true,false,false
1814,f19b28f3-2774-4562-984d-fcffb2452a15,2026-10-08T02:09:08Z,learn,true,false,false
1815,4d46d65f-7ffd-46ec-9e3a-11305c276ffa,2026-10-08T02:09:17Z,s2r,true,false,false
1816,9b8a73f9-e463-4bfb-96e7-8a15ed7cf610,2026-10-08T02:09:17Z,s2r,true,false,false
1817,93db7a32-0be4-47de-b743-c3af1e2e5bb1,2026-10-08T02:09:17Z,s2r,true,false,false
1818,33780d09-a261-4e72-813e-836ca428276d,2026-10-08T02:09:17Z,s2m,true,false,false
1819,f19b28f3-2774-4562-984d-fcffb2452a15,2026-10-08T02:09:17Z,s2r,true,false,false
1820,26e801a5-7cc4-4e33-aa3c-3b06374101bf,2026-10-08T02:09:28Z,learn,true,false,false
1821,960b1b0e-8da1-4cf0-8633-86bddeac877d,2026-10-08T02:09:28Z,learn,true,false,false
1822,7081d106-d966-4940-8b88-0820c9a6424e,2026-10-08T02:09:28Z,learn,true,false,false
1823,feab80a7-e45e-445c-b733-8be6ef340e86,2026-10-08T02:09:28Z,learn,true,false,false
1824,90af8a7b-3c59-4831-8d26-9befc6025621,2026-10-08T02:09:28Z,learn,true,false,false
1825,26e801a5-7cc4-4e33-aa3c-3b06374101bf,2026-10-08T02:09:39Z,s2r,true,false,false
1826,960b1b0e-8da1-4cf0-8633-86bddeac877d,2026-10-08T02:09:39Z,s2r,true,false,false
1827,7081d106-d966-4940-8b88-0820c9a6424e,2026-10-08T02:09:39Z,s2r,true,false,false
1828,feab80a7-e45e-445c-b733-8be6ef340e86,2026-10-08T02:09:39Z,s2r,true,false,false
1829,90af8a7b-3c59-4831-8d26-9befc6025621,2026-10-08T02:09:39Z,s2r,true,false,false
1830,41c7ffd8-682f-4d86-a978-add3f829f77b,2026-10-08T02:09:53Z,learn,true,false,false
1831,896910dc-c22c-43b3-bd4d-54a54f98d99d,2026-10-08T02:09:53Z,learn,true,false,false
1832,b2914875-37d2-4e05-9402-4dcdbded34a3,2026-10-08T02:09:53Z,learn,true,false,false
1833,c0c793a6-0ece-4c2c-9465-def702b5c25d,2026-10-08T02:09:53Z,learn,true,false,false
1834,567e2a90-466e-4df4-a5e2-1f7a9bc15c87,2026-10-08T02:09:53Z,learn,true,false,false
1835,41c7ffd8-682f-4d86-a978-add3f829f77b,2026-10-08T02:10:06Z,s2r,true,false,false
1836,896910dc-c22c-43b3-bd4d-54a54f98d99d,2026-10-08T02:10:06Z,s2r,true,false,false
1837,b2914875-37d2-4e05-9402-4dcdbded34a3,2026-10-08T02:10:06Z,s2r,true,false,false
1838,c0c793a6-0ece-4c2c-9465-def702b5c25d,2026-10-08T02:10:06Z,s2m,true,false,false
1839,567e2a90-466e-4df4-a5e2-1f7a9bc15c87,2026-10-08T02:10:06Z,s2r,true,false,false
1840,5b299798-5caa-421c-a8d9-963d0388a7b7,2026-10-08T02:10:15Z,learn,true,false,false
1841,adf3684c-d109-4e39-9101-c9d3037db986,2026-10-08T02:10:15Z,learn,true,false,false
1842,d67adab8-69d8-4dcb-b20f-077f1b8fd5c7,2026-10-08T02:10:15Z,learn,true,false,false
1843,279c47a3-6a21-46bf-904e-8c0d78ae092a,2026-10-08T02:10:15Z,learn,true,false,false
1844,7691e8e7-a48c-4ebd-b2e1-26fb85219a65,2026-10-08T02:10:15Z,learn,true,false,false
1845,5b299798-5caa-421c-a8d9-963d0388a7b7,2026-10-08T02:10:26Z,s2r,true,false,false
1846,adf3684c-d109-4e39-9101-c9d3037db986,2026-10-08T02:10:26Z,s2r,true,false,false
1847,d67adab8-69d8-4dcb-b20f-077f1b8fd5c7,2026-10-08T02:10:26Z,s2m,true,false,false
1848,279c47a3-6a21-46bf-904e-8c0d78ae092a,2026-10-08T02:10:26Z,s2r,true,false,false
1849,7691e8e7-a48c-4ebd-b2e1-26fb85219a65,2026-10-08T02:10:26Z,s2r,true,false,false
1850,4a4f0c50-63bb-458f-8957-c6e6722b5394,2026-10-08T02:10:33Z,learn,true,false,false
1851,003da16c-8a94-47e8-97fd-c9eb7c72963f,2026-10-08T02:10:47Z,learn,true,false,false
1852,88c6a0d0-56b6-4b27-9d6d-ddf0f5fbff83,2026-10-08T02:10:47Z,learn,true,false,false
1853,0452388d-a79c-468b-8595-80c27d04ddc2,2026-10-08T02:10:47Z,learn,true,false,false
1854,80c84017-a850-4473-8ae8-9da36f1869ac,2026-10-08T02:10:47Z,learn,true,false,false
1855,4a4f0c50-63bb-458f-8957-c6e6722b5394,2026-10-08T02:10:47Z,s2r,true,false,false
1856,003da16c-8a94-47e8-97fd-c9eb7c72963f,2026-10-08T02:10:57Z,s2r,true,false,false
1857,88c6a0d0-56b6-4b27-9d6d-ddf0f5fbff83,2026-10-08T02:10:57Z,s2r,true,false,false
1858,0452388d-a79c-468b-8595-80c27d04ddc2,2026-10-08T02:10:57Z,s2r,true,false,false
1859,80c84017-a850-4473-8ae8-9da36f1869ac,2026-10-08T02:10:57Z,s2r,true,false,false
1860,94cf5b5d-2b5c-4ff0-821d-68011ff670c1,2026-10-08T02:10:57Z,learn,true,false,false
1861,896fe399-33f8-419e-86cf-2c3fd29e63f3,2026-10-08T02:11:03Z,learn,true,false,false
1862,ddf75368-1a13-4566-9042-91549db231d2,2026-10-08T02:11:03Z,learn,true,false,false
1863,25c977ab-b953-45b2-9417-8780849dce1f,2026-10-08T02:11:03Z,learn,true,false,false
1864,64163422-2e94-46bc-8cab-2e3df2ccf121,2026-10-08T02:11:03Z,learn,true,false,false
1865,94cf5b5d-2b5c-4ff0-821d-68011ff670c1,2026-10-08T02:11:03Z,s2r,true,false,false
1866,896fe399-33f8-419e-86cf-2c3fd29e63f3,2026-10-08T02:11:13Z,s2r,true,false,false
1867,ddf75368-1a13-4566-9042-91549db231d2,2026-10-08T02:11:13Z,s2m,true,false,false
1868,25c977ab-b953-45b2-9417-8780849dce1f,2026-10-08T02:11:13Z,s2m,true,false,false
1869,64163422-2e94-46bc-8cab-2e3df2ccf121,2026-10-08T02:11:13Z,s2r,true,false,false
1870,8f6203dd-cfa6-4e6b-a287-7e6e17cf0fd5,2026-10-08T02:11:13Z,learn,true,false,false
1871,8f6203dd-cfa6-4e6b-a287-7e6e17cf0fd5,2026-10-08T02:11:16Z,s2m,true,false,false
